Rk,Player,Age,Tm,Pos,GP,G,A,PTS,+/-,PIM,PS,EV,PP,SH,GW,EV,PP,SH,S,S%,TOI,ATOI,BLK,HIT,FOW,FOL,FO%,-9999
1,Nikita Kucherov,30,TBL,RW,81,44,100,144,8,22,15.5,31,13,0,6,60,40,0,306,14.4,1755,21:40,35,45,2,2,50.0,kucheni01
2,Nathan MacKinnon,28,COL,C,82,51,89,140,35,42,16.0,41,10,0,9,51,38,0,405,12.6,1871,22:49,69,55,607,707,46.2,mackina01
3,Connor McDavid,27,EDM,C,76,32,100,132,35,30,14.1,24,7,1,5,63,37,0,263,12.2,1623,21:22,39,118,442,423,51.1,mcdavco01
4,Artemi Panarin,32,NYR,LW,82,49,71,120,18,24,14.3,38,11,0,5,37,33,1,303,16.2,1650,20:07,15,18,1,9,10.0,panarar01
5,David Pastrňák,27,BOS,RW,82,47,63,110,21,47,13.3,35,12,0,5,40,23,0,382,12.3,1634,19:56,19,70,8,16,33.3,pastrda01
6,Auston Matthews,26,TOR,C,81,69,38,107,31,20,15.1,51,18,0,8,26,11,1,369,18.7,1698,20:58,93,90,705,614,53.4,matthau01
7,Leon Draisaitl,28,EDM,C,81,41,65,106,26,76,12.0,20,21,0,7,45,18,2,217,18.9,1676,20:42,26,58,826,625,56.9,draisle01
8,Mikko Rantanen,27,COL,RW,80,42,62,104,19,50,11.2,28,14,0,9,36,26,0,271,15.5,1832,22:54,49,53,275,236,53.8,rantami01
9,J.T. Miller,30,VAN,C,81,37,66,103,32,58,11.7,25,10,2,9,36,30,0,194,19.1,1579,19:29,61,217,823,638,56.3,millejt01
10,William Nylander,27,TOR,C,82,40,58,98,1,24,10.4,26,11,3,7,33,24,1,316,12.7,1633,19:55,29,32,56,63,47.1,nylanwi01
11,Kirill Kaprizov,26,MIN,LW,75,46,50,96,11,36,11.4,27,19,0,8,28,22,0,277,16.6,1618,21:35,38,55,0,1,0.0,kapriki01
12,Sidney Crosby,36,PIT,C,82,42,52,94,7,40,10.7,32,10,0,3,39,13,0,278,15.1,1647,20:05,37,101,1090,782,58.2,crosbsi01
13,Filip Forsberg,29,NSH,C,82,48,46,94,16,43,11.7,35,13,0,11,27,19,0,347,13.8,1550,18:54,44,141,11,11,50.0,forsbfi01
14,Sam Reinhart,28,FLA,C,82,57,37,94,29,31,13.1,25,27,5,11,30,7,0,233,24.5,1665,20:18,66,78,234,296,44.2,reinhsa01
15,Quinn Hughes,24,VAN,D,82,17,75,92,38,38,14.4,12,5,0,2,42,33,0,199,8.5,2024,24:41,55,29,0,0,,hughequ01
16,Cale Makar,25,COL,D,77,21,69,90,15,16,12.3,13,7,1,1,34,32,3,231,9.1,1907,24:46,148,37,0,0,,makarca01
17,Brayden Point,27,TBL,C,81,46,44,90,-16,14,9.8,31,15,0,12,27,17,0,227,20.3,1623,20:02,44,16,294,350,45.7,pointbr01
18,Sebastian Aho,26,CAR,F,78,36,53,89,34,36,10.9,24,11,1,10,31,21,1,216,16.7,1531,19:38,18,48,571,484,54.1,ahose01
19,Elias Pettersson,25,VAN,C,82,34,55,89,20,12,9.6,21,13,0,10,35,18,2,207,16.4,1611,19:39,68,125,406,393,50.8,petteel01
20,Matthew Tkachuk,26,FLA,LW,80,26,62,88,19,88,9.4,19,6,1,2,36,26,0,280,9.3,1491,18:38,28,151,3,6,33.3,tkachma01
21,Robert Thomas,24,STL,C,82,26,60,86,9,48,8.6,17,8,1,3,39,19,2,170,15.3,1719,20:58,47,16,876,773,53.1,thomaro01
22,Roman Josi,33,NSH,D,82,23,62,85,12,45,12.8,14,9,0,5,37,24,1,268,8.6,2020,24:38,151,46,0,0,,josiro01
23,Mitch Marner,26,TOR,RW,69,26,59,85,21,18,8.8,17,8,1,2,40,19,0,158,16.5,1468,21:17,51,59,4,12,25.0,marnemi01
24,Jesper Bratt,25,NJD,W,82,27,56,83,-6,12,8.2,20,7,0,7,35,20,1,248,10.9,1583,19:18,33,66,8,14,36.4,brattje01
25,Evan Bouchard,24,EDM,D,81,18,64,82,34,32,13.1,10,8,0,7,37,27,0,220,8.2,1863,23:00,105,71,0,0,,bouchev01
26,Steven Stamkos,33,TBL,C,79,40,41,81,-21,34,8.5,21,19,0,6,21,20,0,262,15.3,1440,18:14,43,78,357,280,56.0,stamkst01
27,Aleksander Barkov,28,FLA,C,73,23,57,80,33,24,9.0,18,5,0,4,31,24,2,193,11.9,1433,19:38,50,104,630,470,57.3,barkoal01
28,Mathew Barzal,26,NYI,C,80,23,57,80,-4,34,7.1,18,5,0,4,37,20,0,240,9.6,1611,20:08,52,54,49,65,43.0,barzama01
29,Jason Robertson,24,DAL,LW,82,29,51,80,19,22,8.5,20,9,0,4,32,19,0,231,12.6,1503,18:19,31,77,0,0,,roberja01
30,Jake Guentzel,29,TOT,C,67,30,47,77,25,22,9.0,25,5,0,2,30,17,0,238,12.6,1341,20:01,28,48,6,17,26.1,guentja01
31,Zach Hyman,31,EDM,LW,80,54,23,77,36,48,11.1,39,15,0,7,18,5,0,290,18.6,1560,19:30,37,87,7,9,43.8,hymanza01
32,Nick Suzuki,24,MTL,C,82,33,44,77,-14,36,7.3,21,12,0,1,25,19,0,185,17.8,1744,21:16,48,69,689,622,52.6,suzukni01
33,Vincent Trocheck,30,NYR,C,82,25,52,77,16,55,7.7,13,11,1,5,39,13,0,215,11.6,1759,21:27,86,175,881,619,58.7,trochvi01
34,Victor Hedman,33,TBL,D,78,13,63,76,18,76,11.6,9,4,0,2,36,27,0,168,7.7,1935,24:48,102,65,0,0,,hedmavi01
35,Clayton Keller,25,ARI,C,78,33,43,76,-20,32,7.4,24,9,0,4,22,21,0,228,14.5,1501,19:15,30,20,30,35,46.2,kellecl01
36,Brandon Hagel,25,TBL,LW,82,26,49,75,1,79,7.2,24,2,0,3,42,5,2,184,14.1,1579,19:15,45,55,25,36,41.0,hagelbr01
37,Nazem Kadri,33,CGY,C,82,29,46,75,0,43,7.6,19,10,0,4,34,12,0,277,10.5,1511,18:26,24,57,592,618,48.9,kadrina01
38,Adrian Kempe,27,LAK,LW,77,28,47,75,13,72,8.3,20,5,3,4,24,22,1,246,11.4,1458,18:56,32,112,3,10,23.1,kempead01
39,Chris Kreider,32,NYR,LW,82,39,36,75,19,26,9.3,19,18,2,7,22,11,3,246,15.9,1540,18:47,20,99,35,61,36.5,kreidch01
40,Gustav Nyquist,34,NSH,RW,81,23,52,75,7,8,7.3,17,5,1,4,32,19,1,153,15.0,1437,17:45,38,36,15,24,38.5,nyquigu01
41,Jack Hughes,22,NJD,C,62,27,47,74,-12,12,7.5,18,9,0,4,25,22,0,274,9.9,1300,20:58,24,10,118,199,37.2,hugheja03
42,Brady Tkachuk,24,OTT,LW,81,37,37,74,1,134,8.2,25,12,0,2,27,10,0,357,10.4,1551,19:09,34,294,200,180,52.6,tkachbr01
43,Brock Boeser,26,VAN,RW,81,40,33,73,23,14,9.0,24,16,0,4,24,9,0,204,19.6,1507,18:36,29,56,13,12,52.0,boesebr01
44,Kevin Fiala,27,LAK,LW,82,29,44,73,1,62,7.7,18,11,0,2,25,19,0,225,12.9,1479,18:02,28,67,10,28,26.3,fialake01
45,Adam Fox,25,NYR,D,72,17,56,73,21,36,11.9,10,6,1,5,28,27,1,137,12.4,1688,23:27,123,44,0,0,,foxad01
46,Lucas Raymond,21,DET,LW,82,31,41,72,-12,30,7.1,25,6,0,4,31,10,0,163,19.0,1456,17:45,27,69,4,6,40.0,raymolu01
47,Mark Scheifele,30,WPG,C,74,25,47,72,19,57,7.5,19,6,0,4,35,12,0,154,16.2,1494,20:11,40,63,603,650,48.1,scheima01
48,Carter Verhaeghe,28,FLA,C,76,34,38,72,17,36,8.8,26,8,0,7,25,13,0,246,13.8,1365,17:58,20,63,37,47,44.0,verhaca01
49,Mika Zibanejad,30,NYR,C,81,26,46,72,15,30,7.5,12,12,2,3,23,19,4,221,11.8,1599,19:45,55,49,548,564,49.3,zibanmi01
50,Noah Dobson,24,NYI,D,79,10,60,70,12,36,9.9,9,1,0,4,36,23,1,174,5.7,1936,24:31,180,84,0,0,,dobsono01
51,Anže Kopitar,36,LAK,C,81,26,44,70,11,22,7.3,16,9,1,6,28,14,2,133,19.5,1592,19:39,65,37,859,701,55.1,kopitan01
52,Tim Stützle,22,OTT,LW,75,18,52,70,-17,28,5.3,17,1,0,2,33,19,0,192,9.4,1584,21:07,41,100,239,273,46.7,stuetti02
53,Matt Boldy,22,MIN,LW,75,29,40,69,5,48,7.3,19,10,0,7,25,15,0,227,12.8,1418,18:55,32,33,37,51,42.0,boldyma01
54,Dylan Larkin,27,DET,C,68,33,36,69,5,39,7.7,17,14,2,5,24,12,0,221,14.9,1372,20:10,34,44,716,577,55.4,larkidy01
55,Jonathan Marchessault,33,VEG,C,82,42,27,69,-2,40,8.1,34,8,0,5,18,9,0,266,15.8,1467,17:54,23,107,6,18,25.0,audymjo01
56,Josh Morrissey,28,WPG,D,81,10,59,69,34,44,11.5,8,2,0,1,42,17,0,196,5.1,1959,24:11,103,90,0,0,,morrijo04
57,Brock Nelson,32,NYI,C,82,34,35,69,-5,28,7.3,24,9,1,2,24,10,1,250,13.6,1483,18:05,47,38,356,431,45.2,nelsobr01
58,Ryan O'Reilly,32,NSH,C,82,26,43,69,6,18,6.6,12,14,0,1,29,14,0,180,14.4,1621,19:46,56,26,828,708,53.9,oreilry01
59,Jack Eichel,27,VEG,C,63,31,37,68,4,27,7.5,20,11,0,7,24,11,2,278,11.2,1293,20:31,61,26,413,495,45.5,eicheja01
60,Bo Horvat,28,NYI,C,81,33,35,68,-1,39,7.1,22,10,1,6,26,8,1,248,13.3,1595,19:42,42,61,765,654,53.9,horvabo01
61,Travis Konecny,26,PHI,C,76,33,35,68,4,67,8.0,23,4,6,5,29,5,1,244,13.5,1508,19:50,32,90,39,58,40.2,konectr01
62,Alex DeBrincat,26,DET,RW,82,27,40,67,1,34,6.7,16,11,0,1,32,8,0,237,11.4,1467,17:54,35,66,16,22,42.1,debrial01
63,Nico Hischier,25,NJD,C,71,27,40,67,-5,12,7.0,20,6,1,4,29,11,0,182,14.8,1383,19:29,42,44,785,602,56.6,hischni01
64,Seth Jarvis,21,CAR,C,81,33,34,67,23,14,8.1,18,13,2,9,26,7,1,176,18.8,1519,18:45,52,115,157,195,44.6,jarvise01
65,Jordan Kyrou,25,STL,C,82,31,36,67,-12,22,6.8,23,8,0,4,23,13,0,251,12.4,1503,18:20,32,26,3,6,33.3,kyroujo01
66,Evgeni Malkin,37,PIT,C,82,27,40,67,5,70,6.7,21,6,0,2,28,12,0,199,13.6,1524,18:35,42,29,389,412,48.6,malkiev01
67,Brad Marchand,35,BOS,LW,82,29,38,67,2,78,6.8,19,7,3,6,18,19,1,207,14.0,1566,19:06,35,115,24,31,43.6,marchbr03
68,Ryan Nugent-Hopkins,30,EDM,C,80,18,49,67,10,36,5.7,14,4,0,3,24,22,3,183,9.8,1570,19:37,33,62,236,256,48.0,nugenry01
69,Joe Pavelski,39,DAL,C,82,27,40,67,12,20,7.0,16,11,0,4,30,10,0,194,13.9,1378,16:49,70,75,355,340,51.1,paveljo01
70,Dylan Strome,26,WSH,C,82,27,40,67,-13,22,6.5,21,6,0,5,24,16,0,169,16.0,1472,17:57,61,12,697,623,52.8,stromdy01
71,Drake Batherson,25,OTT,C,82,28,38,66,-9,42,6.3,21,7,0,4,23,15,0,196,14.3,1490,18:10,33,98,38,55,40.9,bathedr01
72,Cole Caufield,23,MTL,RW,82,28,37,65,-4,16,6.3,19,9,0,7,25,12,0,314,8.9,1592,19:25,22,56,7,9,43.8,caufico01
73,Matt Duchene,33,DAL,C,80,25,40,65,15,20,6.8,19,6,0,7,30,10,0,172,14.5,1341,16:46,48,30,360,277,56.5,duchema01
74,Roope Hintz,27,DAL,LW,80,30,35,65,26,22,7.6,19,8,3,6,23,11,1,182,16.5,1379,17:14,38,36,318,248,56.2,hintzro01
75,Wyatt Johnston,20,DAL,C,82,32,33,65,14,38,7.3,26,3,3,3,26,7,0,216,14.8,1394,17:00,42,52,318,316,50.2,johnswy01
76,Alex Ovechkin,38,WSH,LW,79,31,34,65,-22,20,6.3,18,13,0,5,19,15,0,272,11.4,1518,19:13,27,162,0,2,0.0,ovechal01
77,John Tavares,33,TOR,C,80,29,36,65,2,30,6.5,20,9,0,6,25,11,0,279,10.4,1429,17:52,37,134,802,550,59.3,tavarjo01
78,Joel Eriksson Ek,27,MIN,C,77,30,34,64,18,60,7.1,17,12,1,5,25,9,0,267,11.2,1581,20:32,55,169,796,806,49.7,eriksjo02
79,Claude Giroux,36,OTT,C,82,21,43,64,-14,26,5.0,16,3,2,2,26,16,1,183,11.5,1648,20:06,30,40,668,484,58.0,giroucl01
80,Pavel Buchnevich,28,STL,LW,80,27,36,63,3,48,6.5,17,8,2,5,25,10,1,207,13.0,1586,19:49,28,43,77,129,37.4,buchnpa01
81,Mats Zuccarello,36,MIN,LW,69,12,51,63,-5,30,4.9,7,5,0,1,23,28,0,173,6.9,1304,18:54,50,26,27,45,37.5,zuccama01
82,Mike Matheson,29,MTL,D,82,11,51,62,-24,58,6.7,4,5,2,0,28,23,0,187,5.9,2095,25:33,186,61,0,0,,mathemi01
83,Jared McCann,27,SEA,C,80,29,33,62,-10,31,6.6,18,9,2,3,19,14,0,216,13.4,1341,16:46,27,45,147,160,47.9,mccanja01
84,Connor Bedard,18,CHI,C,68,22,39,61,-44,28,4.8,18,4,0,2,22,17,0,206,10.7,1345,19:47,27,54,207,325,38.9,bedarco01
85,Kyle Connor,27,WPG,LW,65,34,27,61,-6,6,6.8,29,5,0,10,13,14,0,221,15.4,1282,19:43,19,14,2,5,28.6,connoky01
86,Nikolaj Ehlers,27,WPG,LW,82,25,36,61,27,29,7.1,25,0,0,7,29,7,0,233,10.7,1302,15:52,39,30,4,11,26.7,ehlerni01
87,Nick Schmaltz,27,ARI,C,79,22,39,61,-16,10,5.0,11,10,1,3,28,11,0,158,13.9,1515,19:11,41,16,164,236,41.0,schmani01
88,Jamie Benn,34,DAL,LW,82,21,39,60,8,41,5.9,13,7,1,3,22,15,2,164,12.8,1240,15:07,50,110,436,276,61.2,bennja01
89,Charlie Coyle,31,BOS,C,82,25,35,60,-2,38,5.7,17,7,1,5,27,4,4,147,17.0,1481,18:04,60,131,762,715,51.6,coylech01
90,Johnny Gaudreau,30,CBJ,LW,81,12,48,60,-27,22,3.5,11,1,0,3,31,17,0,160,7.5,1524,18:49,23,2,0,1,0.0,gaudrjo01
91,Mikael Granlund,31,SJS,C,69,12,48,60,-23,32,4.4,11,1,0,1,25,22,1,134,9.0,1446,20:58,55,62,492,560,46.8,granlmi01
92,William Karlsson,31,VEG,C,70,30,30,60,15,22,7.1,22,7,1,2,21,8,1,175,17.1,1232,17:36,46,43,547,426,56.2,karlswi01
93,Frank Vatrano,29,ANA,LW,82,37,23,60,-20,85,6.1,21,13,3,7,15,7,1,272,13.6,1504,18:21,78,156,9,18,33.3,vatrafr01
94,Oliver Bjorkstrand,28,SEA,RW,82,20,39,59,-20,12,5.1,12,8,0,3,22,17,0,186,10.8,1327,16:11,29,67,9,19,32.1,bjorkol01
95,Rasmus Dahlin,23,BUF,D,81,20,39,59,-3,66,9.4,14,6,0,2,25,14,0,235,8.5,2059,25:25,154,195,0,0,,dahlira01
96,Sean Monahan,29,TOT,C,83,26,33,59,-1,12,5.7,15,9,2,5,21,12,0,171,15.2,1502,18:06,44,29,698,574,54.9,monahse01
97,Yegor Sharangovich,25,CGY,C,82,31,28,59,-29,8,5.3,22,6,3,4,13,11,4,179,17.3,1420,17:19,44,13,133,208,39.0,sharaye01
98,Alex Tuch,27,BUF,RW,75,22,37,59,9,54,6.0,19,2,1,7,28,9,0,192,11.5,1463,19:30,82,72,42,63,40.0,tuchal01
99,Pavel Zacha,26,BOS,C,78,21,38,59,12,18,5.9,15,6,0,6,29,9,0,148,14.2,1412,18:06,34,106,585,483,54.8,zachapa01
100,Morgan Rielly,29,TOR,D,72,7,51,58,7,27,7.3,6,1,0,0,32,19,0,173,4.0,1709,23:44,137,98,0,0,,riellmo01
101,Alexis Lafrenière,22,NYR,LW,82,28,29,57,2,40,6.1,26,2,0,5,25,4,0,217,12.9,1416,17:16,21,73,17,49,25.8,lafreal01
102,Matias Maccelli,23,ARI,LW,82,17,40,57,-4,8,4.9,15,2,0,2,29,10,1,149,11.4,1331,16:14,20,25,6,10,37.5,maccema01
103,Casey Mittelstadt,25,TOT,C,80,18,39,57,10,32,5.4,15,3,0,1,33,6,0,127,14.2,1418,17:44,31,25,529,595,47.1,mitteca01
104,Trevor Moore,28,LAK,LW,82,31,26,57,11,28,6.7,27,2,2,5,21,5,0,244,12.7,1474,17:59,58,92,14,34,29.2,mooretr01
105,Zach Werenski,26,CBJ,D,70,11,46,57,0,22,7.8,9,2,0,0,36,10,0,202,5.4,1712,24:27,130,23,0,0,,werenza01
106,Jonathan Drouin,28,COL,LW,79,19,37,56,12,28,4.9,14,5,0,2,23,14,0,127,15.0,1437,18:11,33,41,44,41,51.8,drouijo01
107,Shayne Gostisbehere,30,DET,D,81,10,46,56,-16,16,6.4,8,2,0,2,19,27,0,139,7.2,1546,19:05,75,29,0,0,,gostish01
108,Erik Karlsson,33,PIT,D,82,11,45,56,4,44,8.3,9,2,0,4,30,15,0,213,5.2,1990,24:16,99,40,0,0,,karlser01
109,Bryan Rust,31,PIT,RW,62,28,28,56,10,20,6.5,24,3,1,3,22,6,0,196,14.3,1214,19:35,51,47,2,6,25.0,rustbr01
110,Tage Thompson,26,BUF,C,71,29,27,56,-1,43,6.3,18,9,2,3,20,7,0,246,11.8,1286,18:07,29,79,372,487,43.3,thompta01
111,Michael Bunting,28,TOT,LW,81,19,36,55,-19,57,4.5,12,7,0,3,22,14,0,168,11.3,1271,15:41,21,49,7,16,30.4,buntimi01
112,Quinton Byfield,21,LAK,C,80,20,35,55,19,42,6.0,14,6,0,4,27,8,0,161,12.4,1319,16:29,19,66,41,49,45.6,byfiequ01
113,Vladimir Tarasenko,32,TOT,RW,76,23,32,55,13,12,6.1,20,3,0,5,26,6,0,155,14.8,1196,15:44,39,85,4,3,57.1,tarasvl01
114,Tyler Toffoli,31,TOT,C,79,33,22,55,-6,14,6.3,22,11,0,4,15,7,0,229,14.4,1340,16:58,11,75,27,44,38.0,toffoty01
115,Blake Coleman,32,CGY,C,78,30,24,54,19,76,6.6,23,3,4,7,22,0,2,191,15.7,1336,17:08,57,128,31,38,44.9,colembl01
116,Miro Heiskanen,24,DAL,D,71,9,45,54,8,36,7.7,7,2,0,2,26,19,0,162,5.6,1742,24:32,97,55,0,0,,heiskmi01
117,Philipp Kurashev,24,CHI,C,75,18,36,54,-44,23,3.7,12,6,0,3,23,13,0,128,14.1,1426,19:01,48,27,127,147,46.4,kurasph01
118,Kyle Palmieri,32,NYI,RW,82,30,24,54,-16,26,5.2,20,10,0,8,14,10,0,218,13.8,1412,17:13,42,89,13,21,38.2,palmiky01
119,Troy Terry,26,ANA,C,76,20,34,54,-10,24,4.4,16,4,0,5,25,9,0,172,11.6,1390,18:17,30,17,6,12,33.3,terrytr01
120,Mason Marchment,28,DAL,F,81,22,31,53,22,54,5.8,16,6,0,3,26,5,0,150,14.7,1220,15:04,34,108,4,5,44.4,marchma01
121,Martin Nečas,25,CAR,C,77,24,29,53,-9,42,5.0,16,8,0,3,24,5,0,231,10.4,1336,17:21,31,77,47,91,34.1,necasma01
122,Valeri Nichushkin,28,COL,RW,54,28,25,53,5,22,5.8,12,16,0,6,18,5,2,158,17.7,1153,21:21,24,74,2,5,28.6,nichuva01
123,Mark Stone,31,VEG,RW,56,16,37,53,1,22,4.8,10,4,2,5,25,10,2,117,13.7,1087,19:24,40,34,0,4,0.0,stonema01
124,Teuvo Teräväinen,29,CAR,F,76,25,28,53,15,10,6.1,15,9,1,4,17,8,3,142,17.6,1247,16:24,26,16,66,74,47.1,teravte01
125,Owen Tippett,24,PHI,RW,78,28,25,53,-5,12,6.0,23,5,0,4,22,3,0,289,9.7,1294,16:35,47,148,19,26,42.2,tippeow01
126,John Carlson,34,WSH,D,82,10,42,52,-7,40,8.4,4,6,0,5,27,15,0,176,5.7,2123,25:54,194,69,0,0,,carlsjo01
127,Jonathan Huberdeau,30,CGY,LW,81,12,40,52,-29,49,2.8,8,4,0,2,25,15,0,143,8.4,1411,17:25,37,60,15,16,48.4,huberjo01
128,Timo Meier,27,NJD,RW,69,28,24,52,-28,45,5.0,18,10,0,4,17,7,0,207,13.5,1215,17:36,42,111,44,46,48.9,meierti01
129,Tyler Seguin,32,DAL,C,68,25,27,52,10,26,5.7,22,3,0,3,20,5,2,154,16.2,1125,16:33,22,61,342,266,56.3,seguity01
130,Andrei Svechnikov,23,CAR,RW,59,19,33,52,13,58,5.8,14,5,0,8,21,12,0,144,13.2,1002,16:59,22,142,4,4,50.0,svechan01
131,MacKenzie Weegar,30,CGY,D,82,20,32,52,2,51,8.6,17,3,0,2,18,12,2,208,9.6,1880,22:56,200,194,0,0,,weegama01
132,Adam Henrique,33,TOT,C,82,24,27,51,9,37,5.2,17,5,2,4,19,5,3,140,17.1,1382,16:51,78,99,577,506,53.3,henriad01
133,Kris Letang,36,PIT,D,82,10,41,51,13,62,8.4,10,0,0,2,35,5,1,164,6.1,2024,24:41,136,137,0,0,,letankr01
134,Chandler Stephenson,29,VEG,C,75,16,35,51,-9,25,3.8,10,4,2,4,25,9,1,97,16.5,1386,18:29,40,43,552,498,52.6,stephch02
135,Drew Doughty,34,LAK,D,82,15,35,50,15,44,9.8,8,7,0,3,22,13,0,135,11.1,2115,25:48,142,109,0,0,,doughdr01
136,Joel Farabee,23,PHI,LW,82,22,28,50,-13,37,4.7,20,2,0,2,23,5,0,182,12.1,1327,16:11,50,67,30,50,37.5,farabjo01
137,John-Jason Peterka,22,BUF,RW,82,28,22,50,10,28,5.9,25,3,0,5,18,4,0,226,12.4,1344,16:24,18,27,3,12,20.0,peterjo01
138,Juraj Slafkovsky,19,MTL,LW,82,20,30,50,-19,55,3.7,14,6,0,2,22,8,0,152,13.2,1471,17:56,71,152,10,10,50.0,slafkju01
139,Devon Toews,29,COL,D,82,12,38,50,28,18,8.6,12,0,0,2,31,5,2,159,7.5,1921,23:26,110,74,0,0,,toewsde01
140,J.T. Compher,28,DET,LW,77,19,29,48,-5,34,3.8,12,5,2,0,24,5,0,108,17.6,1493,19:23,59,51,465,574,44.8,comphj.01
141,Filip Hronek,26,VAN,D,81,5,43,48,33,38,8.6,3,2,0,0,34,9,0,148,3.4,1899,23:26,87,104,0,0,,hronefi01
142,Dylan Cozens,22,BUF,C,79,18,29,47,-4,42,4.1,13,2,3,1,21,8,0,200,9.0,1361,17:14,27,108,522,624,45.5,cozendy01
143,Phillip Danault,30,LAK,C,78,17,30,47,12,18,4.5,14,3,0,2,22,6,2,159,10.7,1406,18:01,60,80,600,557,51.9,danauph01
144,Max Domi,28,TOR,LW,80,9,38,47,10,118,3.7,8,1,0,1,37,1,0,137,6.6,1103,13:47,22,53,226,226,50.0,domima01
145,Brock Faber,21,MIN,D,82,8,39,47,-1,26,7.0,5,3,0,1,26,13,0,136,5.9,2048,24:58,150,65,0,0,,faberbr01
146,Conor Garland,27,VAN,RW,82,20,27,47,19,35,5.0,19,1,0,3,23,4,0,200,10.0,1192,14:32,34,53,2,8,20.0,garlaco01
147,Noah Hanifin,27,TOT,D,80,13,34,47,19,24,8.7,8,5,0,2,24,8,2,164,7.9,1889,23:37,121,63,0,0,,hanifno01
148,Thomas Harley,22,DAL,D,79,15,32,47,28,18,9.0,13,1,1,3,24,8,0,144,10.4,1660,21:01,135,67,0,0,,harleth01
149,Luke Hughes,20,NJD,D,82,9,38,47,-25,28,5.1,5,4,0,1,17,21,0,135,6.7,1761,21:28,55,24,0,0,,hughelu01
150,Patrick Kane,35,DET,RW,50,20,27,47,-5,16,4.8,18,2,0,7,14,13,0,147,13.6,919,18:23,13,14,0,0,,kanepa01
151,Charlie McAvoy,26,BOS,D,74,12,35,47,4,86,7.6,11,1,0,3,23,12,0,133,9.0,1839,24:51,159,159,0,0,,mcavoch01
152,David Perron,35,DET,LW,76,17,30,47,-12,55,3.8,10,7,0,4,20,10,0,151,11.3,1188,15:38,27,111,16,18,47.1,perroda01
153,Brady Skjei,29,CAR,D,80,13,34,47,15,40,8.8,11,1,1,2,20,11,3,185,7.0,1702,21:17,90,69,0,0,,skjeibr01
154,Vince Dunn,27,SEA,D,59,11,35,46,8,78,7.9,7,4,0,0,22,12,1,120,9.2,1362,23:05,64,39,0,0,,dunnvi02
155,Andrei Kuzmenko,27,TOT,F,72,22,24,46,-9,12,4.4,14,8,0,4,13,11,0,121,18.2,1072,14:53,17,14,1,0,100.0,kuzmean01
156,Nick Paul,28,TBL,LW,82,24,22,46,-16,27,3.8,15,9,0,2,17,5,0,153,15.7,1415,17:16,42,104,531,447,54.3,paulni01
157,Brayden Schenn,32,STL,C,82,20,26,46,-22,56,3.4,15,4,1,3,18,8,0,170,11.8,1458,17:47,51,169,454,466,49.3,schenbr01
158,Jeff Skinner,31,BUF,LW,74,24,22,46,-2,34,5.0,16,8,0,3,18,4,0,211,11.4,1184,16:00,13,26,52,72,41.9,skinnje01
159,Ivan Barbashev,28,VEG,C,82,19,26,45,15,42,4.5,16,3,0,3,24,2,0,122,15.6,1321,16:07,44,180,37,50,42.5,barbaiv01
160,Nick Bjugstad,31,ARI,C,76,22,23,45,11,59,4.7,19,2,1,2,19,4,0,165,13.3,1326,17:27,48,118,617,636,49.2,bjugsni01
161,Anthony Cirelli,26,TBL,C,79,20,25,45,2,38,3.9,15,3,2,3,21,4,0,129,15.5,1463,18:31,75,64,460,475,49.2,cirelan01
162,Mattias Ekholm,33,EDM,D,79,11,34,45,44,47,9.5,8,2,1,3,33,1,0,177,6.2,1663,21:03,93,136,0,0,,ekholma01
163,William Eklund,21,SJS,LW,80,16,29,45,-45,30,2.4,8,8,0,5,20,8,1,128,12.5,1493,18:40,72,39,72,158,31.3,eklunwi01
164,Ryan Hartman,29,MIN,RW,74,21,24,45,4,72,4.5,16,5,0,3,19,5,0,173,12.1,1222,16:31,65,75,371,419,47.0,hartmry01
165,Alexander Kerfoot,29,ARI,C,82,13,32,45,-15,26,2.7,9,2,2,3,21,10,1,103,12.6,1430,17:26,76,73,412,450,47.8,kerfoal01
166,Thomas Novak,26,NSH,C,71,18,27,45,-3,8,4.3,12,6,0,1,21,6,0,113,15.9,1008,14:12,31,5,211,289,42.2,novakth01
167,Logan Cooley,19,ARI,C,82,20,24,44,-13,18,3.6,16,3,1,2,14,10,0,151,13.2,1297,15:49,27,50,262,427,38.0,coolelo01
168,Jordan Eberle,33,SEA,RW,78,17,27,44,1,17,4.1,11,6,0,3,21,6,0,168,10.1,1361,17:27,23,30,31,42,42.5,eberljo01
169,Evander Kane,32,EDM,LW,77,24,20,44,-4,85,4.1,21,2,1,3,15,5,0,220,10.9,1292,16:47,29,250,35,38,47.9,kaneev01
170,Elias Lindholm,29,TOT,C,75,15,29,44,-14,25,2.7,8,6,1,4,21,6,2,173,8.7,1477,19:42,61,89,753,583,56.4,lindhel01
171,Anthony Mantha,29,TOT,RW,74,23,21,44,11,25,5.3,20,3,0,0,16,5,0,113,20.4,1053,14:13,31,55,3,8,27.3,manthan01
172,Travis Sanheim,27,PHI,D,81,10,34,44,-20,48,6.3,9,0,1,3,26,5,3,146,6.8,1928,23:48,149,94,0,0,,sanhetr01
173,Fabian Zetterlund,24,SJS,W,82,24,20,44,-34,33,3.4,17,6,1,0,10,10,0,204,11.8,1546,18:51,71,120,28,57,32.9,zettefa01
174,Tyler Bertuzzi,28,TOR,LW,80,21,22,43,2,53,3.9,16,5,0,2,21,1,0,160,13.1,1284,16:03,44,98,4,9,30.8,bertuty01
175,Brent Burns,38,CAR,D,82,10,33,43,19,20,8.5,5,4,1,0,17,16,0,185,5.4,1763,21:30,87,41,0,0,,burnsbr01
176,Daniel Sprong,26,DET,RW,76,18,25,43,-5,22,4.2,15,3,0,1,16,9,0,160,11.3,912,12:00,15,32,8,4,66.7,spronda01
177,Lawson Crouse,26,ARI,LW,81,23,19,42,-7,36,3.8,16,7,0,2,15,3,1,171,13.5,1362,16:49,57,175,28,62,31.1,crousla01
178,Anthony Duclair,28,TOT,LW,73,24,18,42,-8,34,4.6,19,5,0,1,11,7,0,129,18.6,1151,15:46,35,49,17,29,37.0,duclaan01
179,Kirill Marchenko,23,CBJ,RW,78,23,19,42,-5,14,4.0,14,9,0,1,15,4,0,193,11.9,1280,16:25,39,55,26,53,32.9,marchki01
180,Mason McTavish,21,ANA,C,64,19,23,42,-23,86,3.3,14,4,1,3,18,4,1,130,14.6,1042,16:17,33,67,437,408,51.7,mctavma01
181,Brandon Saad,31,STL,LW,82,26,16,42,-4,20,4.6,21,5,0,7,16,0,0,144,18.1,1271,15:30,16,17,12,16,42.9,saadbr01
182,Moritz Seider,22,DET,D,82,9,33,42,-7,51,5.8,6,3,0,0,18,14,1,135,6.7,1833,22:22,213,211,0,0,,seidemo01
183,Shea Theodore,28,VEG,D,47,5,37,42,4,6,5.7,3,2,0,1,24,13,0,105,4.8,1038,22:05,78,9,0,0,,theodsh01
184,Sam Bennett,27,FLA,C,69,20,21,41,17,100,4.8,15,5,0,2,14,7,0,171,11.7,1146,16:37,43,173,390,468,45.5,bennesa01
185,Jakob Chychrun,25,OTT,D,82,14,27,41,-30,60,4.7,7,7,0,2,18,9,0,204,6.9,1836,22:23,154,72,0,0,,chychja01
186,Sean Durzi,25,ARI,D,76,9,32,41,-1,63,5.9,6,3,0,1,19,13,0,142,6.3,1727,22:43,160,44,0,0,,durzise01
187,Warren Foegele,27,EDM,LW,82,20,21,41,3,47,3.9,18,1,1,2,20,0,1,201,10.0,1146,13:59,32,89,5,6,45.5,foegewa01
188,Morgan Frost,24,PHI,C,71,13,28,41,4,22,3.9,10,3,0,1,20,8,0,135,9.6,1124,15:50,55,57,407,416,49.5,frostmo01
189,Nicolas Roy,26,VEG,C,70,13,28,41,8,29,3.7,11,1,1,2,22,6,0,112,11.6,1082,15:27,35,77,359,408,46.8,royni01
190,Ryan Strome,30,ANA,C,79,11,30,41,-20,86,2.2,9,2,0,0,17,13,0,131,8.4,1248,15:48,21,64,224,262,46.1,stromry01
191,Eeli Tolvanen,24,SEA,RW,81,16,25,41,-15,24,3.3,15,1,0,3,16,9,0,153,10.5,1267,15:39,75,210,12,23,34.3,tolvaee01
192,Ross Colton,27,COL,C,80,17,23,40,-8,61,3.1,14,3,0,2,21,2,0,146,11.6,1098,13:43,46,141,423,397,51.6,coltoro01
193,Jake DeBrusk,27,BOS,LW,80,19,21,40,4,18,3.7,15,2,2,3,13,8,0,183,10.4,1347,16:50,48,107,7,16,30.4,debruja01
194,Pierre-Luc Dubois,25,LAK,LW,82,16,24,40,-9,70,3.2,9,7,0,4,23,1,0,146,11.0,1288,15:42,37,96,440,446,49.7,duboipi01
195,Trent Frederic,25,BOS,C,82,18,22,40,9,69,4.1,16,2,0,1,22,0,0,123,14.6,1128,13:45,52,204,132,159,45.4,fredetr01
196,Andrew Mangiapane,27,CGY,LW,75,14,26,40,7,47,3.5,11,2,1,0,25,1,0,122,11.5,1200,16:00,33,89,5,5,50.0,mangian01
197,Marco Rossi,22,MIN,C,82,21,19,40,-4,47,3.5,19,2,0,2,15,4,0,167,12.6,1372,16:44,37,35,335,414,44.7,rossima01
198,Reilly Smith,32,PIT,RW,76,13,27,40,3,18,3.2,12,1,0,3,20,7,0,152,8.6,1226,16:08,28,55,5,14,26.3,smithre01
199,Rasmus Andersson,27,CGY,D,78,9,30,39,-11,47,5.3,8,0,1,3,22,8,0,159,5.7,1858,23:50,186,42,0,0,,anderra01
200,Mikael Backlund,34,CGY,C,82,15,24,39,-4,24,2.5,12,2,1,2,22,1,1,209,7.2,1577,19:14,33,70,778,769,50.3,backlmi01
201,Luke Evangelista,21,NSH,RW,80,16,23,39,0,18,3.4,13,3,0,1,16,7,0,172,9.3,1116,13:57,23,30,1,3,25.0,evanglu01
202,Gustav Forsling,27,FLA,D,79,10,29,39,56,43,10.6,9,1,0,1,28,1,0,160,6.3,1749,22:09,102,111,0,0,,forslgu02
203,Cam Fowler,32,ANA,D,81,5,34,39,-36,24,3.3,3,2,0,0,17,16,1,109,4.6,1978,24:25,119,41,0,0,,fowleca01
204,Morgan Geekie,25,BOS,C,76,17,22,39,6,28,3.7,13,4,0,1,14,8,0,130,13.1,1171,15:25,50,137,291,369,44.1,geekimo01
205,Torey Krug,32,STL,D,77,4,35,39,-31,32,3.7,4,0,0,2,22,13,0,162,2.5,1691,21:58,111,64,0,0,,krugto01
206,Scott Laughton,29,PHI,C,82,13,26,39,-9,69,3.0,10,1,2,2,16,4,6,167,7.8,1284,15:39,56,155,478,499,48.9,laughsc01
207,Evan Rodrigues,30,FLA,C,80,12,27,39,26,34,4.0,9,3,0,1,20,7,0,186,6.5,1213,15:10,28,104,29,29,50.0,rodriev01
208,Sean Couturier,31,PHI,C,74,11,27,38,-10,29,2.6,8,3,0,3,21,4,2,192,5.7,1319,17:49,41,59,692,602,53.5,coutuse01
209,Tomáš Hertl,30,TOT,C,54,17,21,38,-28,22,2.9,10,6,1,2,16,5,0,124,13.7,1106,20:29,49,59,565,418,57.5,hertlto01
210,Jake Neighbours,21,STL,LW,77,27,11,38,-16,21,3.9,19,8,0,4,5,6,0,145,18.6,1209,15:42,45,138,11,18,37.9,neighja01
211,Cole Perfetti,22,WPG,C,71,19,19,38,13,12,4.3,14,5,0,3,13,6,0,142,13.4,965,13:35,23,26,38,63,37.6,perfeco01
212,Jake Sanderson,21,OTT,D,79,10,28,38,8,23,6.8,7,3,0,3,17,11,0,158,6.3,1834,23:13,139,49,1,0,100.0,sandeja01
213,James van Riemsdyk,34,BOS,LW,71,11,27,38,7,20,3.4,5,6,0,3,21,6,0,142,7.7,959,13:30,22,34,10,11,47.6,vanrija01
214,Matthew Beniers,21,SEA,C,77,15,22,37,-11,20,2.8,9,6,0,1,15,7,0,133,11.3,1383,17:58,44,52,527,584,47.4,beniema01
215,Nick Foligno,36,CHI,LW,74,17,20,37,-29,57,2.6,8,8,1,0,12,8,0,146,11.6,1315,17:46,39,192,228,207,52.4,foligni01
216,Anders Lee,33,NYI,LW,81,20,17,37,2,68,3.5,15,5,0,2,17,0,0,185,10.8,1261,15:34,54,176,19,25,43.2,leean01
217,Vladislav Namestnikov,31,WPG,C,78,11,26,37,17,37,3.3,7,3,1,0,24,2,0,95,11.6,1128,14:28,45,92,173,304,36.3,namesvl01
218,Stefan Noesen,30,CAR,RW,81,14,23,37,13,33,3.9,11,3,0,3,15,8,0,111,12.6,961,11:52,25,118,46,63,42.2,noesest01
219,Rickard Rakell,30,PIT,RW,70,15,22,37,4,22,3.2,11,4,0,2,20,2,0,165,9.1,1156,16:31,40,112,3,10,23.1,rakelri01
220,Jaccob Slavin,29,CAR,D,81,6,31,37,21,8,7.6,4,0,2,1,30,0,1,151,4.0,1695,20:56,120,55,0,0,,slavija01
221,Mason Appleton,28,WPG,C,82,14,22,36,16,26,3.2,11,2,1,2,21,0,1,122,11.5,1316,16:03,44,107,9,8,52.9,applema01
222,Danton Heinen,28,BOS,C,74,17,19,36,16,28,4.0,15,1,1,4,19,0,0,119,14.3,1070,14:28,46,83,12,19,38.7,heineda01
223,Nils Höglander,23,VAN,LW,80,24,12,36,23,51,4.8,24,0,0,5,12,0,0,120,20.0,969,12:06,19,100,0,0,,hoglani01
224,Alex Killorn,34,ANA,C,63,18,18,36,-15,54,2.7,13,5,0,5,16,2,0,145,12.4,1180,18:44,25,72,14,25,35.9,killoal01
225,Gabriel Vilardi,24,WPG,C,47,22,14,36,11,14,4.6,13,9,0,5,9,5,0,117,18.8,799,17:00,24,14,27,32,45.8,vilarga01
226,Jason Dickinson,28,CHI,C,82,22,13,35,4,43,4.0,20,2,0,4,13,0,0,126,17.5,1359,16:34,73,143,618,618,50.0,dickija01
227,Dylan Guenther,20,ARI,RW,45,18,17,35,-1,14,3.9,8,9,1,4,12,4,1,121,14.9,733,16:17,24,32,6,23,20.7,guentdy01
228,Erik Haula,32,NJD,LW,76,16,19,35,-1,54,3.0,14,1,1,2,16,2,1,156,10.3,1283,16:53,49,94,489,403,54.8,haulaer01
229,Boone Jenner,30,CBJ,C,58,22,13,35,-8,28,3.3,16,5,1,1,10,3,0,155,14.2,1166,20:06,74,119,604,509,54.3,jennebo01
230,Mathieu Joseph,26,OTT,RW,72,11,24,35,-4,51,2.4,10,0,1,3,23,0,1,124,8.9,1186,16:28,49,105,22,44,33.3,josepma01
231,Matthew Knies,21,TOR,LW,80,15,20,35,9,45,3.1,15,0,0,3,18,2,0,115,13.0,1094,13:41,30,169,0,1,0.0,kniesma01
232,Adam Lowry,30,WPG,LW,81,12,23,35,17,57,2.9,11,0,1,1,20,2,1,119,10.1,1304,16:06,65,181,676,704,49.0,lowryad01
233,Anton Lundell,22,FLA,C,78,13,22,35,19,46,3.5,12,1,0,2,17,4,1,166,7.8,1199,15:23,40,61,482,396,54.9,lundean01
234,Colton Sissons,30,NSH,C,81,15,20,35,-6,38,2.3,9,3,3,2,15,4,1,131,11.5,1342,16:34,57,137,618,558,52.6,sissoco01
235,Tom Wilson,29,WSH,RW,74,18,17,35,-19,133,2.5,11,5,2,3,12,5,0,169,10.7,1340,18:06,74,228,22,38,36.7,wilsoto01
236,Artturi Lehkonen,28,COL,LW,45,16,18,34,11,14,3.6,9,7,0,2,13,5,0,103,15.5,831,18:28,18,49,9,24,27.3,lehkoar01
237,Alex Newhook,23,MTL,C,55,15,19,34,-11,18,2.8,13,2,0,2,13,6,0,85,17.6,931,16:56,31,36,229,263,46.5,newhoal01
238,Nino Niederreiter,31,WPG,RW,77,18,16,34,12,34,3.5,15,3,0,3,15,1,0,170,10.6,1152,14:58,42,115,26,31,45.6,niedeni01
239,Dmitri Voronkov,23,CBJ,LW,75,18,16,34,-6,52,3.1,12,6,0,2,14,2,0,142,12.7,1009,13:27,48,83,277,380,42.2,vorondi01
240,Connor Zary,22,CGY,C,63,14,20,34,12,22,3.5,13,1,0,3,17,3,0,90,15.6,962,15:16,29,29,48,61,44.0,zaryco01
241,Andrew Copp,29,DET,C,79,13,20,33,-2,26,2.2,11,1,1,3,16,2,2,109,11.9,1286,16:16,51,33,536,465,53.5,coppan01
242,Tyson Foerster,22,PHI,RW,77,20,13,33,0,32,3.3,15,4,1,2,9,4,0,167,12.0,1330,17:16,49,102,1,2,33.3,foersty01
243,Yanni Gourde,32,SEA,C,80,11,22,33,-11,62,2.0,9,0,2,1,19,2,1,156,7.1,1396,17:27,52,156,519,566,47.8,gourdya01
244,Connor McMichael,23,WSH,C,80,18,15,33,-20,34,2.4,15,2,1,3,10,4,1,135,13.3,1279,15:59,39,45,370,502,42.4,mcmicco01
245,Dawson Mercer,22,NJD,C,82,20,13,33,-26,29,2.1,16,4,0,2,12,1,0,134,14.9,1412,17:13,43,30,119,146,44.9,merceda01
246,Brandon Montour,29,FLA,D,66,8,25,33,1,46,5.6,7,1,0,3,9,16,0,168,4.8,1548,23:27,67,104,0,0,,montobr01
247,Drew O'Connor,25,PIT,F,79,16,17,33,14,20,3.2,15,0,1,2,16,0,1,160,10.0,1244,15:45,58,53,21,24,46.7,oconndr01
248,Jean-Gabriel Pageau,31,NYI,C,82,11,22,33,-8,13,1.8,9,1,1,2,16,1,5,101,10.9,1304,15:55,81,196,679,546,55.4,pageaje01
249,Alex Pietrangelo,34,VEG,D,64,4,29,33,-5,24,4.5,4,0,0,2,19,9,1,141,2.8,1508,23:34,160,46,0,0,,pietral01
250,Neal Pionk,28,WPG,D,82,5,28,33,9,63,5.6,4,1,0,1,21,7,0,146,3.4,1708,20:50,118,221,0,0,,pionkne01
251,Owen Power,21,BUF,D,76,6,27,33,8,28,6.0,6,0,0,1,20,6,1,108,5.6,1742,22:55,115,45,0,0,,powerow01
252,Darren Raddysh,27,TBL,D,82,6,27,33,-3,21,4.9,5,1,0,2,21,6,0,101,5.9,1567,19:06,105,75,0,0,,raddyda01
253,Michael Rasmussen,24,DET,C,75,13,20,33,8,47,2.8,12,0,1,3,17,0,3,101,12.9,1139,15:11,76,124,58,62,48.3,rasmumi01
254,Oliver Ekman-Larsson,32,FLA,D,80,9,23,32,10,76,6.2,8,1,0,3,13,10,0,123,7.3,1472,18:24,70,105,0,0,,ekmanol01
255,Robby Fabbri,28,DET,C,68,18,14,32,-13,32,2.9,13,5,0,3,7,7,0,97,18.6,875,12:52,29,77,70,50,58.3,fabbrro01
256,Dakota Joshua,27,VAN,C,63,18,14,32,19,60,3.9,17,1,0,5,14,0,0,84,21.4,906,14:23,40,245,34,38,47.2,joshuda01
257,Jordan Martinook,31,CAR,LW,82,14,18,32,-1,36,2.6,13,0,1,1,18,0,0,148,9.5,1201,14:39,36,61,48,47,50.5,martijo01
258,Ryan McDonagh,34,NSH,D,74,3,29,32,19,31,5.9,3,0,0,1,25,4,0,91,3.3,1612,21:47,139,38,0,0,,mcdonry01
259,Darnell Nurse,28,EDM,D,81,10,22,32,3,79,5.3,8,1,1,2,18,4,0,181,5.5,1773,21:54,172,168,0,0,,nurseda01
260,Ivan Provorov,27,CBJ,D,82,5,27,32,-11,20,4.1,5,0,0,0,20,7,0,107,4.7,1817,22:10,155,66,0,0,,provoiv01
261,Cole Sillinger,20,CBJ,C,77,13,19,32,-4,46,2.1,12,1,0,1,18,0,1,157,8.3,1241,16:07,74,119,450,522,46.3,sillico01
262,Jason Zucker,32,TOT,LW,69,14,18,32,-9,81,2.6,9,5,0,0,13,5,0,150,9.3,954,13:49,18,98,13,20,39.4,zuckeja01
263,Dylan DeMelo,30,WPG,D,82,3,28,31,46,36,8.0,3,0,0,0,27,1,0,83,3.6,1782,21:44,139,167,0,0,,demeldy01
264,Lars Eller,34,PIT,C,82,15,16,31,-1,32,2.2,10,4,1,0,14,1,1,154,9.7,1309,15:58,56,55,487,445,52.3,ellerla01
265,Brendan Gallagher,31,MTL,RW,77,16,15,31,-24,74,2.0,15,1,0,2,12,3,0,154,10.4,1062,13:47,35,63,14,20,41.2,gallabr01
266,Erik Gustafsson,31,NYR,D,76,6,25,31,3,35,5.1,6,0,0,1,16,9,0,93,6.5,1322,17:24,66,63,0,0,,gustaer02
267,Tyler Johnson,33,CHI,C,67,17,14,31,-35,26,2.1,9,8,0,1,6,8,0,112,15.2,1041,15:32,31,48,156,195,44.4,johnsty01
268,Seth Jones,29,CHI,D,67,8,23,31,-15,34,5.6,5,3,0,4,17,6,0,172,4.7,1707,25:29,131,77,0,0,,jonesse01
269,Ilya Mikheyev,29,VAN,F,78,11,20,31,1,4,2.1,11,0,0,1,20,0,0,147,7.5,1113,14:16,20,49,8,21,27.6,mikheil01
270,Ondřej Palát,32,NJD,LW,71,11,20,31,-9,37,2.1,10,1,0,0,16,4,0,108,10.2,1111,15:39,49,92,4,13,23.5,palaton01
271,Jack Roslovic,27,TOT,C,59,9,22,31,-10,16,2.0,8,0,1,3,18,4,0,117,7.7,918,15:33,24,28,54,72,42.9,rosloja01
272,Zach Benson,18,BUF,LW,71,11,19,30,-3,36,2.3,11,0,0,1,17,2,0,98,11.2,1031,14:31,35,35,5,12,29.4,bensoza01
273,Thomas Chabot,27,OTT,D,51,9,21,30,-3,22,4.6,8,1,0,0,15,6,0,118,7.6,1175,23:03,88,44,0,0,,chaboth01
274,Ryan Donato,27,CHI,C,78,12,18,30,-14,26,2.2,11,1,0,0,16,2,0,149,8.1,1092,14:00,24,104,98,124,44.1,donatry01
275,Justin Faulk,31,STL,D,60,2,28,30,-2,39,4.3,1,1,0,1,21,6,1,132,1.5,1318,21:58,104,83,0,0,,faulkju01
276,Marcus Johansson,33,MIN,C,78,11,19,30,-15,22,1.4,10,1,0,0,14,5,0,112,9.8,1239,15:53,29,44,6,26,18.8,johanma03
277,Ryan McLeod,24,EDM,C,81,12,18,30,10,10,2.3,12,0,0,3,15,1,2,106,11.3,1154,14:15,34,65,365,353,50.8,mcleory01
278,K'Andre Miller,24,NYR,D,80,8,22,30,5,49,5.8,8,0,0,3,20,1,1,96,8.3,1725,21:34,117,148,0,0,,milleka01
279,Joshua Norris,24,OTT,C,50,16,14,30,-6,22,2.8,11,5,0,3,6,7,1,115,13.9,882,17:38,30,86,328,301,52.1,norrijo01
280,Marcus Pettersson,27,PIT,D,82,4,26,30,28,44,6.7,4,0,0,1,26,0,0,106,3.8,1859,22:40,159,121,0,0,,pettema01
281,Jaden Schwartz,31,SEA,C,62,13,17,30,-15,24,2.2,6,7,0,0,14,3,0,117,11.1,1014,16:22,27,46,92,69,57.1,schwaja01
282,Jordan Staal,35,CAR,C,80,10,20,30,-14,44,1.5,9,0,1,3,16,1,3,123,8.1,1230,15:23,41,142,799,576,58.1,staaljo01
283,Alexandre Texier,24,CBJ,C,78,12,18,30,-5,38,1.9,10,0,2,1,16,2,0,109,11.0,1184,15:11,36,57,6,13,31.6,texieal01
284,Alexander Wennberg,29,TOT,C,79,10,20,30,0,14,1.9,6,3,1,4,17,3,0,90,11.1,1421,17:59,75,46,552,636,46.5,wennbal01
285,Cameron York,23,PHI,D,82,10,20,30,-13,44,5.3,10,0,0,1,12,6,2,134,7.5,1855,22:37,174,76,0,0,,yorkca01
286,Bowen Byram,22,TOT,D,73,11,18,29,0,53,4.6,11,0,0,0,17,1,0,84,13.1,1485,20:21,104,94,0,0,,byrambo01
287,Michael Carcone,27,ARI,F,74,21,8,29,-2,35,3.4,19,1,1,4,7,1,0,111,18.9,834,11:16,22,56,4,9,30.8,carcomi01
288,Leo Carlsson,19,ANA,C,55,12,17,29,-11,16,1.9,8,4,0,0,12,5,0,109,11.0,996,18:07,25,28,195,366,34.8,carlsle01
289,Yegor Chinakhov,22,CBJ,RW,53,16,13,29,-3,6,2.9,15,1,0,3,12,1,0,110,14.5,804,15:10,28,43,1,13,7.1,chinaye01
290,Kevin Hayes,31,STL,RW,79,13,16,29,0,12,2.4,13,0,0,2,11,5,0,153,8.5,1143,14:28,17,42,478,360,57.0,hayeske01
291,Tyler Myers,33,VAN,D,77,5,24,29,16,77,5.3,3,0,2,0,24,0,0,93,5.4,1459,18:57,136,110,0,0,,myersty01
292,Aliaksei Protas,23,WSH,C,78,6,23,29,-3,8,1.7,6,0,0,1,22,0,1,113,5.3,1072,13:45,49,34,42,62,40.4,protaal01
293,Pius Suter,27,VAN,F,67,14,15,29,17,16,2.9,12,2,0,3,12,3,0,105,13.3,1038,15:30,23,54,186,191,49.3,suterpi01
294,Sean Walker,29,TOT,D,81,10,19,29,11,50,6.3,8,0,2,1,17,1,1,150,6.7,1558,19:14,127,118,0,0,,walkese01
295,Cam Atkinson,34,PHI,RW,70,13,15,28,-22,27,1.6,11,2,0,3,11,4,0,175,7.4,1116,15:57,46,35,12,13,48.0,atkinca01
296,Teddy Blueger,29,VAN,C,68,6,22,28,4,31,1.6,4,0,2,0,20,0,2,97,6.2,1016,14:56,43,98,415,366,53.1,bluegte01
297,Pierre Engvall,27,NYI,LW,74,10,18,28,4,18,1.9,8,2,0,1,13,5,0,128,7.8,1134,15:20,21,28,25,29,46.3,engvapi01
298,Jake Evans,27,MTL,C,82,7,21,28,-1,24,1.2,6,0,1,1,21,0,0,81,8.6,1314,16:01,65,86,593,544,52.2,evansja02
299,Jordan Greenway,26,BUF,LW,67,10,18,28,11,64,2.3,9,1,0,1,15,2,1,107,9.3,1156,17:15,65,141,17,40,29.8,greenjo02
300,Alexander Holtz,22,NJD,RW,82,16,12,28,-15,14,2.3,15,1,0,3,11,1,0,122,13.1,954,11:38,17,44,8,19,29.6,holtzal01
301,Nick Leddy,32,STL,D,82,3,25,28,14,14,5.9,2,0,1,0,23,1,1,82,3.7,1834,22:22,127,51,0,0,,leddyni01
302,Jake McCabe,30,TOR,D,73,8,20,28,20,56,5.4,7,1,0,3,18,1,1,73,11.0,1508,20:39,129,219,0,0,,mccabja01
303,Pavel Mintyukov,20,ANA,D,63,4,24,28,-20,24,2.7,4,0,0,0,16,7,1,88,4.5,1187,18:51,65,85,0,0,,mintypa01
304,Ryan Poehling,25,PHI,C,77,11,17,28,-11,6,1.8,7,1,3,1,15,1,1,111,9.9,1155,15:00,101,62,461,477,49.1,poehlry01
305,Damon Severson,29,CBJ,D,67,9,19,28,-10,51,3.8,9,0,0,1,14,3,2,88,10.2,1417,21:09,83,45,0,0,,severda01
306,Joe Veleno,24,DET,C,80,12,16,28,-16,25,1.4,9,3,0,1,13,2,1,86,14.0,1117,13:57,35,108,305,317,49.0,velenjo01
307,Michael Amadio,27,VEG,C,73,14,13,27,4,16,2.5,11,3,0,2,11,2,0,117,12.0,978,13:24,34,48,69,65,51.5,amadimi01
308,Jonas Brodin,30,MIN,D,62,7,20,27,22,16,6.1,7,0,0,1,19,1,0,117,6.0,1449,23:22,142,21,0,0,,brodijo01
309,Jack Drury,23,CAR,C,74,8,19,27,4,33,2.1,6,2,0,0,14,5,0,106,7.5,909,12:17,35,30,367,297,55.3,druryja01
310,Adam Fantilli,19,CBJ,C,49,12,15,27,-21,16,1.7,11,1,0,1,13,2,0,115,10.4,770,15:43,25,63,171,221,43.6,fantiad01
311,Alex Iafallo,30,WPG,C,82,11,16,27,14,6,2.0,9,2,0,2,12,3,1,120,9.2,1256,15:19,67,43,8,17,32.0,iafalal01
312,Jesperi Kotkaniemi,23,CAR,C,79,12,15,27,-4,36,2.1,11,1,0,0,13,1,1,128,9.4,1025,12:59,33,56,333,313,51.5,kotkaje01
313,Eetu Luostarinen,25,FLA,C,82,12,15,27,1,26,1.8,10,2,0,2,14,0,1,119,10.1,1307,15:56,56,129,96,83,53.6,luostee01
314,Shane Pinto,23,OTT,C,41,9,18,27,9,14,2.6,5,4,0,1,16,2,0,110,8.2,742,18:07,31,39,251,245,50.6,pintosh01
315,Nicholas Robertson,22,TOR,LW,56,14,13,27,4,4,2.9,13,1,0,1,11,2,0,96,14.6,637,11:23,24,34,3,8,27.3,roberni01
316,Kiefer Sherwood,28,NSH,RW,68,10,17,27,17,41,2.8,10,0,0,2,17,0,0,110,9.1,828,12:10,22,234,15,16,48.4,sherwki01
317,T.J. Brodie,33,TOR,D,78,1,25,26,17,40,4.3,1,0,0,0,25,0,0,52,1.9,1694,21:43,159,41,0,0,,broditj01
318,Justin Danforth,30,CBJ,RW,71,10,16,26,-10,26,1.4,10,0,0,1,16,0,0,86,11.6,1013,14:16,46,109,173,184,48.5,danfoju01
319,Ridly Greig,21,OTT,C,72,13,13,26,10,66,2.4,10,2,1,1,13,0,0,97,13.4,1062,14:45,41,129,197,252,43.9,greigri01
320,Erik Gudbranson,32,CBJ,D,78,6,20,26,-14,74,3.2,6,0,0,1,19,0,1,91,6.6,1533,19:40,170,92,0,0,,gudbrer01
321,Esa Lindell,29,DAL,D,82,5,21,26,17,12,5.2,5,0,0,0,20,0,1,114,4.4,1679,20:28,162,74,0,0,,lindees01
322,Hampus Lindholm,30,BOS,D,73,3,23,26,18,63,5.6,2,1,0,0,19,4,0,99,3.0,1700,23:17,100,49,0,0,,lindhha01
323,Jack McBain,24,ARI,C,67,8,18,26,8,50,2.2,8,0,0,2,18,0,0,56,14.3,846,12:37,42,204,294,356,45.2,mcbaija03
324,Brayden McNabb,33,VEG,D,82,4,22,26,18,37,5.5,4,0,0,0,20,1,1,86,4.7,1587,19:21,207,149,0,0,,mcnabbr01
325,J.J. Moser,23,ARI,D,80,5,21,26,-5,35,3.7,5,0,0,0,16,3,2,77,6.5,1646,20:34,112,99,0,0,,moserja01
326,Dmitry Orlov,32,CAR,D,82,6,20,26,4,36,5.0,5,0,1,1,15,5,0,129,4.7,1420,17:19,60,116,0,0,,orlovdm01
327,Colton Parayko,30,STL,D,82,10,16,26,4,23,5.8,9,0,1,4,14,1,1,154,6.5,1957,23:52,218,113,0,0,,parayco01
328,Justin Schultz,33,SEA,D,70,7,19,26,-23,22,3.1,7,0,0,2,9,10,0,100,7.0,1153,16:28,68,26,0,0,,schulju01
329,Jimmy Vesey,30,NYR,LW,80,13,13,26,-4,20,2.1,13,0,0,4,13,0,0,116,11.2,990,12:23,28,90,9,14,39.1,veseyji02
330,Miles Wood,28,COL,LW,74,9,17,26,-5,75,1.3,8,0,1,1,17,0,0,167,5.4,1013,13:41,35,107,13,28,31.7,woodmi01
331,Joel Armia,30,MTL,RW,66,17,8,25,4,34,2.5,15,0,2,3,8,0,0,139,12.2,1026,15:33,41,49,5,11,31.3,armiajo01
332,William Borgen,27,SEA,D,82,3,22,25,-5,65,4.3,3,0,0,0,22,0,0,97,3.1,1442,17:35,111,195,0,0,,borgewi01
333,Cody Ceci,30,EDM,D,79,5,20,25,12,14,4.7,5,0,0,0,19,0,1,97,5.2,1582,20:01,106,91,0,0,,cecico01
334,Paul Cotter,24,VEG,C,76,7,18,25,-11,41,1.1,5,2,0,0,16,2,0,100,7.0,967,12:44,29,233,26,27,49.1,cottepa01
335,Michael Eyssimont,27,TBL,C,81,11,14,25,7,104,2.2,9,2,0,2,12,2,0,149,7.4,960,11:51,31,135,6,7,46.2,eyssimi01
336,Simon Holmström,22,NYI,RW,75,15,10,25,2,14,2.3,10,0,5,3,8,0,2,72,20.8,999,13:19,46,19,6,13,31.6,holmssi01
337,Curtis Lazar,28,NJD,C,71,7,18,25,10,44,2.2,6,0,1,2,18,0,0,74,9.5,880,12:23,64,179,178,187,48.8,lazarcu01
338,Josh Manson,32,COL,D,76,8,17,25,11,87,4.4,7,0,1,0,16,0,1,123,6.5,1352,17:47,109,211,0,1,0.0,mansojo01
339,John Marino,26,NJD,D,75,4,21,25,-6,41,3.7,4,0,0,1,21,0,0,57,7.0,1572,20:57,89,39,0,0,,marinjo01
340,Jacob Middleton,28,MIN,D,80,7,18,25,-15,77,3.3,7,0,0,1,17,0,1,85,8.2,1585,19:49,161,148,0,0,,middlja01
341,Logan O'Connor,27,COL,RW,57,13,12,25,13,34,2.5,10,0,3,4,12,0,0,85,15.3,852,14:57,38,60,29,35,45.3,oconnlo01
342,T.J. Oshie,37,WSH,C,52,12,13,25,-6,44,2.1,5,7,0,4,9,4,0,90,13.3,877,16:52,56,75,12,31,27.9,oshietj01
343,Matt Roy,28,LAK,D,81,5,20,25,21,42,6.4,5,0,0,1,17,1,2,135,3.7,1692,20:54,197,152,0,0,,royma04
344,Artem Zub,28,OTT,D,69,5,20,25,5,32,4.5,4,0,1,0,20,0,0,85,5.9,1450,21:01,122,139,0,0,,zubar01
345,Pavel Dorofeyev,23,VEG,LW,47,13,11,24,8,12,2.8,13,0,0,1,10,1,0,97,13.4,624,13:17,23,18,2,2,50.0,dorofpa01
346,Evgeny Kuznetsov,31,TOT,C,63,8,16,24,-11,30,1.1,7,1,0,1,10,6,0,96,8.3,1106,17:33,18,28,336,411,45.0,kuzneev01
347,Sam Lafferty,28,VAN,C,79,13,11,24,4,32,2.0,12,0,1,3,11,0,0,78,16.7,938,11:53,32,191,150,206,42.1,laffesa01
348,Bobby McMann,27,TOR,F,56,15,9,24,13,52,3.0,14,1,0,0,9,0,0,118,12.7,647,11:34,18,117,6,4,60.0,mcmanbo02
349,Nicklaus Perbix,25,TBL,D,77,2,22,24,8,10,4.3,2,0,0,1,22,0,0,57,3.5,1315,17:05,114,80,0,0,,perbini01
350,Jeff Petry,36,DET,D,73,3,21,24,-7,39,3.1,3,0,0,0,20,0,1,84,3.6,1372,18:48,134,150,0,0,,petryje01
351,Martin Pospisil,24,CGY,C,63,8,16,24,14,109,2.3,8,0,0,1,16,0,0,117,6.8,801,12:43,22,238,23,28,45.1,pospima01
352,Mike Reilly,30,TOT,D,61,6,18,24,-1,30,3.5,5,0,1,1,13,5,0,126,4.8,1047,17:09,60,47,0,0,,reillmi01
353,David Savard,33,MTL,D,60,6,18,24,-1,24,3.6,6,0,0,0,18,0,0,54,11.1,1214,20:14,163,69,0,0,,savarda01
354,Kevin Shattenkirk,35,BOS,D,61,6,18,24,-2,18,3.6,4,2,0,0,9,9,0,78,7.7,963,15:47,85,63,0,0,,shattke01
355,Jordan Spence,22,LAK,D,71,2,22,24,5,12,4.1,1,1,0,0,17,5,0,80,2.5,1024,14:26,55,67,0,0,,spencjo01
356,Sam Steel,25,DAL,C,77,9,15,24,0,29,1.4,7,0,2,1,14,0,1,86,10.5,1020,13:15,32,58,94,115,45.0,steelsa01
357,Tomáš Tatar,33,TOT,LW,70,9,15,24,8,20,2.1,9,0,0,2,14,1,0,72,12.5,872,12:27,24,43,5,15,25.0,tatarto01
358,Bobby Brink,22,PHI,RW,57,11,12,23,1,10,2.3,8,3,0,2,10,2,0,81,13.6,786,13:48,24,36,4,3,57.1,brinkbo01
359,Casey Cizikas,32,NYI,C,70,10,13,23,-2,22,1.5,9,0,1,1,12,1,0,82,12.2,976,13:56,71,135,345,301,53.4,cizikca01
360,Evgenii Dadonov,34,DAL,RW,51,12,11,23,-6,8,1.9,11,1,0,3,10,1,0,67,17.9,672,13:11,19,35,0,4,0.0,dadonev01
361,Vladislav Gavrikov,28,LAK,D,77,6,17,23,9,28,5.3,6,0,0,1,16,0,1,114,5.3,1588,20:37,114,55,0,0,,gavrivl01
362,Mike Hoffman,34,SJS,C,66,10,13,23,-21,20,1.3,7,3,0,1,10,3,0,71,14.1,906,13:44,27,28,12,20,37.5,hoffmmi02
363,Ryan Johansen,31,COL,C,63,13,10,23,-6,34,1.6,9,4,0,4,7,2,1,78,16.7,860,13:39,15,60,431,380,53.1,johanry01
364,Alex Laferriere,22,LAK,RW,81,12,11,23,-14,46,1.3,12,0,0,2,8,3,0,147,8.2,1071,13:13,27,113,7,6,53.8,laferal01
365,Timothy Liljegren,24,TOR,D,55,3,20,23,3,16,3.1,3,0,0,1,12,7,1,62,4.8,1081,19:40,116,92,0,0,,liljeti01
366,Sonny Milano,27,WSH,LW,49,15,8,23,4,10,2.9,12,3,0,2,7,1,0,50,30.0,613,12:30,16,20,0,0,,milanso01
367,Max Pacioretty,35,WSH,LW,47,4,19,23,-14,25,1.1,2,2,0,0,10,9,0,95,4.2,678,14:26,22,76,5,12,29.4,pacioma01
368,Rasmus Sandin,23,WSH,D,68,3,20,23,-13,24,3.5,3,0,0,1,15,5,0,79,3.8,1436,21:07,106,75,0,0,,sandira01
369,Cole Smith,28,NSH,F,80,9,14,23,5,63,1.4,8,0,1,4,12,0,2,112,8.0,1095,13:41,32,235,5,12,29.4,smithco02
370,Filip Zadina,24,SJS,RW,72,13,10,23,-44,18,0.7,10,3,0,3,9,1,0,137,9.5,960,13:20,28,55,15,53,22.1,zadinfi01
371,Jalen Chatfield,27,CAR,D,72,8,14,22,15,24,5.2,8,0,0,2,14,0,0,90,8.9,1094,15:12,66,58,0,0,,chatfja01
372,Nic Dowd,33,WSH,C,64,12,10,22,-2,47,1.8,12,0,0,2,10,0,0,61,19.7,973,15:12,72,118,493,531,48.1,dowdni01
373,Marcus Foligno,32,MIN,LW,55,10,12,22,10,59,2.2,10,0,0,3,11,0,1,56,17.9,797,14:29,40,179,7,11,38.9,foligma01
374,Kaiden Guhle,22,MTL,D,70,6,16,22,-8,56,3.1,6,0,0,1,16,0,0,95,6.3,1460,20:51,178,116,0,0,,guhleka01
375,Kasperi Kapanen,27,STL,RW,73,6,16,22,-5,14,1.0,5,0,1,1,15,0,1,99,6.1,1050,14:23,27,64,13,25,34.2,kapanka01
376,Hendrix Lapierre,21,WSH,C,51,8,14,22,-1,4,2.0,8,0,0,1,12,2,0,51,15.7,583,11:26,31,26,105,175,37.5,lapiehe01
377,Brett Leason,24,ANA,RW,68,11,11,22,-7,14,1.4,9,0,2,0,11,0,0,91,12.1,885,13:01,65,80,17,24,41.5,leasobr01
378,Michael McCarron,28,NSH,RW,70,12,10,22,4,100,1.9,12,0,0,3,10,0,0,94,12.8,894,12:46,55,142,357,314,53.2,mccarmi01
379,Kyle Okposo,35,TOT,RW,67,12,10,22,1,34,2.0,9,2,1,0,8,2,0,114,10.5,895,13:21,35,75,131,144,47.6,okposky01
380,Corey Perry,38,TOT,RW,54,12,10,22,-6,46,1.9,9,3,0,2,9,1,0,82,14.6,723,13:23,17,43,0,1,0.0,perryco01
381,Alexander Romanov,24,NYI,D,81,7,15,22,23,20,5.6,7,0,0,0,15,0,0,117,6.0,1688,20:50,171,157,0,0,,romanal01
382,Jacob Trouba,29,NYR,D,69,3,19,22,-4,73,3.6,3,0,0,0,17,1,1,129,2.3,1466,21:15,183,191,0,0,,troubja01
383,William Cuylle,21,NYR,LW,81,13,8,21,-3,56,1.8,12,1,0,2,7,1,0,119,10.9,901,11:08,26,249,2,8,20.0,cuyllwi01
384,Mario Ferraro,25,SJS,D,78,3,18,21,-38,36,2.3,3,0,0,0,18,0,0,124,2.4,1784,22:52,195,124,0,0,,ferrama01
385,Calle Järnkrok,32,TOR,C,52,10,11,21,16,18,2.1,9,0,1,3,9,1,1,92,10.9,793,15:16,13,55,65,67,49.2,jarnkca01
386,Michael Kesselring,24,ARI,D,65,5,16,21,11,66,4.0,5,0,0,2,16,0,0,76,6.6,1027,15:48,59,106,0,0,,kessemi01
387,Beck Malenstyn,25,WSH,LW,81,6,15,21,-1,25,0.9,6,0,0,1,14,0,1,98,6.1,1154,14:15,93,241,23,28,45.1,malenbe01
388,Oskar Sundqvist,29,STL,C,71,6,15,21,-6,32,1.0,2,3,1,0,11,2,2,68,8.8,941,13:15,49,82,247,342,41.9,sundqos01
389,Alexey Toropchenko,24,STL,RW,82,14,7,21,-3,30,1.8,12,0,2,1,7,0,0,114,12.3,1027,12:31,55,165,0,3,0.0,toropal01
390,Jake Walman,27,DET,D,63,12,9,21,-2,44,4.0,11,1,0,3,5,3,1,108,11.1,1245,19:46,151,42,0,0,,walmaja01
391,Blake Wheeler,37,NYR,RW,54,9,12,21,2,23,1.9,8,1,0,1,12,0,0,83,10.8,687,12:43,31,31,38,24,61.3,wheelbl01
392,Yegor Zamula,23,PHI,D,66,5,16,21,3,32,4.1,3,2,0,1,8,7,1,61,8.2,1060,16:03,79,37,0,0,,zamulye01
393,Josh Anderson,29,MTL,RW,78,9,11,20,-18,74,0.2,9,0,0,0,9,2,0,141,6.4,1206,15:28,40,169,15,16,48.4,anderjo05
394,Erik Brännström,24,OTT,D,76,3,17,20,5,36,3.7,3,0,0,0,16,0,1,77,3.9,1261,16:35,111,46,0,0,,branner01
395,Alexandre Carrier,27,NSH,D,73,4,16,20,7,44,3.8,3,0,1,2,15,1,0,77,5.2,1372,18:48,137,60,0,0,,carrial01
396,Ben Chiarot,32,DET,D,77,5,15,20,-4,56,3.2,5,0,0,1,15,0,0,107,4.7,1523,19:47,167,163,0,0,,chiarbe01
397,Brenden Dillon,33,WPG,D,77,8,12,20,20,92,5.2,8,0,0,2,12,0,0,79,10.1,1443,18:44,111,241,0,0,,dillobr01
398,Henri Jokiharju,24,BUF,D,74,3,17,20,14,24,4.5,3,0,0,1,16,0,1,84,3.6,1405,18:59,106,92,0,0,,jokihhe01
399,Tye Kartye,22,SEA,F,77,11,9,20,-1,37,1.7,11,0,0,1,9,0,0,109,10.1,911,11:50,27,229,41,46,47.1,kartyty01
400,Dmitry Kulikov,33,FLA,D,76,1,19,20,15,63,4.4,1,0,0,0,17,0,2,74,1.4,1255,16:31,84,145,0,0,,kulikdm01
401,Valtteri Puustinen,24,PIT,RW,52,5,15,20,4,6,1.5,5,0,0,0,13,2,0,86,5.8,611,11:45,33,40,1,3,25.0,puustva01
402,Craig Smith,34,DAL,C,75,11,9,20,2,33,1.7,11,0,0,2,9,0,0,112,9.8,766,10:13,30,51,1,3,25.0,smithcr01
403,Philip Tomasino,22,NSH,C,41,7,13,20,-6,25,1.5,7,0,0,2,9,4,0,62,11.3,516,12:34,18,13,3,16,15.8,tomasph01
404,Nikita Zadorov,28,TOT,D,75,6,14,20,0,125,3.4,6,0,0,1,13,0,1,90,6.7,1308,17:26,68,177,0,0,,zadorni01
405,Jonny Brodzinski,30,NYR,C,57,6,13,19,-3,8,1.3,5,1,0,2,12,1,0,89,6.7,634,11:08,24,34,162,161,50.2,brodzjo01
406,Cal Clutterbuck,36,NYI,RW,82,7,12,19,4,32,1.0,7,0,0,0,12,0,0,59,11.9,974,11:53,55,273,13,22,37.1,cluttca01
407,Andrew Cogliano,36,COL,LW,75,6,13,19,11,16,1.3,5,0,1,0,10,0,3,61,9.8,796,10:37,40,33,54,109,33.1,coglian01
408,Connor Dewar,24,TOT,C,74,11,8,19,-8,28,1.1,10,0,1,0,8,0,0,77,14.3,862,11:39,38,123,192,218,46.8,dewarco01
409,Radek Faksa,30,DAL,C,74,7,12,19,0,20,0.8,5,0,2,2,10,0,2,71,9.9,926,12:31,42,97,283,237,54.4,faksara01
410,Jesper Fast,32,CAR,RW,73,6,13,19,0,16,1.0,6,0,0,0,13,0,0,79,7.6,920,12:36,23,79,7,9,43.8,fastje01
411,Christian Fischer,26,DET,RW,79,5,14,19,0,36,0.8,4,0,1,0,14,0,0,86,5.8,901,11:24,32,138,88,130,40.4,fischch01
412,Brett Howden,25,VEG,C,72,8,11,19,-11,39,0.6,6,0,2,0,11,0,0,76,10.5,952,13:14,51,86,165,201,45.1,howdebr01
413,Kaapo Kakko,22,NYR,RW,61,13,6,19,6,24,2.0,12,1,0,2,6,0,0,91,14.3,810,13:17,18,26,13,10,56.5,kakkoka01
414,David Kämpf,29,TOR,C,78,8,11,19,-4,18,0.5,8,0,0,1,11,0,0,79,10.1,1052,13:29,29,84,469,453,50.9,kampfda01
415,Nils Lundkvist,23,DAL,D,59,2,17,19,13,16,3.5,2,0,0,0,15,2,0,73,2.7,832,14:06,38,44,0,0,,lundkni01
416,Michael McLeod,25,NJD,C,45,10,9,19,6,10,2.0,10,0,0,2,9,0,0,73,13.7,681,15:09,22,101,424,228,65.0,mcleomi01
417,Simon Nemec,19,NJD,D,60,3,16,19,-7,33,2.6,3,0,0,1,14,2,0,73,4.1,1192,19:52,105,22,0,0,,nemecsi01
418,Ryan Pulock,29,NYI,D,58,5,14,19,3,12,3.4,3,2,0,1,10,4,0,90,5.6,1308,22:33,149,99,0,0,,pulocry01
419,Jack Quinn,22,BUF,RW,27,9,10,19,-1,8,2.1,8,1,0,2,8,2,0,56,16.1,422,15:38,12,31,3,6,33.3,quinnja01
420,Jan Rutta,33,SJS,D,69,5,14,19,-21,38,2.9,5,0,0,1,12,0,2,69,7.2,1361,19:43,110,69,0,0,,ruttaja02
421,Braden Schneider,22,NYR,D,82,5,14,19,-1,16,3.6,4,0,1,1,14,0,0,95,5.3,1304,15:54,133,167,0,0,,schnebr01
422,Mikhail Sergachev,25,TBL,D,34,2,17,19,-16,16,1.5,2,0,0,0,10,7,0,53,3.8,767,22:33,69,36,0,0,,sergami01
423,Jakob Silfverberg,33,ANA,LW,81,7,12,19,4,24,0.9,5,1,1,1,8,3,1,102,6.9,1057,13:03,36,16,17,33,34.0,silfvja01
424,Chris Tanev,34,TOT,D,75,2,17,19,22,24,4.7,2,0,0,0,17,0,0,56,3.6,1476,19:41,207,45,0,0,,tanevch01
425,Michael Anderson,24,LAK,D,74,2,16,18,22,18,5.3,2,0,0,0,15,0,1,89,2.2,1527,20:38,129,128,0,0,,andermi02
426,Morgan Barron,25,WPG,C,80,11,7,18,10,23,1.7,11,0,0,3,6,1,0,94,11.7,840,10:30,45,122,62,72,46.3,barromo01
427,Noah Cates,24,PHI,LW,59,6,12,18,-8,0,0.9,6,0,0,1,10,0,2,78,7.7,814,13:48,35,52,147,183,44.5,catesno01
428,Connor Clifton,28,BUF,D,79,4,14,18,12,88,4.2,4,0,0,1,14,0,0,77,5.2,1308,16:33,117,204,0,0,,cliftco01
429,Aaron Ekblad,27,FLA,D,51,4,14,18,27,50,5.2,3,1,0,1,11,3,0,98,4.1,1064,20:52,59,85,0,0,,ekblaaa01
430,Samuel Girard,25,COL,D,59,3,15,18,0,10,2.4,3,0,0,0,14,1,0,73,4.1,1144,19:23,99,76,0,0,,girarsa01
431,Radko Gudas,33,ANA,D,66,6,12,18,14,128,4.5,6,0,0,0,11,0,1,88,6.8,1287,19:30,154,232,0,0,,gudasra01
432,Parker Kelly,24,OTT,F,80,8,10,18,-8,30,0.7,6,0,2,0,9,0,1,86,9.3,937,11:42,67,171,11,35,23.9,kellypa01
433,Keegan Kolesar,26,VEG,RW,79,8,10,18,-8,49,0.8,7,0,1,2,9,0,1,73,11.0,858,10:52,41,277,6,9,40.0,koleske01
434,Luke Kunin,26,SJS,C,77,11,7,18,-30,83,0.2,9,2,0,1,4,3,0,98,11.2,1212,15:44,60,165,219,261,45.6,kuninlu01
435,Sean Kuraly,31,CBJ,C,62,9,9,18,-5,40,1.0,9,0,0,0,8,0,1,92,9.8,852,13:44,34,156,272,293,48.1,kuralse01
436,Adam Larsson,31,SEA,D,81,4,14,18,6,55,5.1,4,0,0,1,13,0,1,130,3.1,1859,22:57,151,162,0,0,,larssad01
437,Olli Määttä,29,DET,D,72,4,14,18,14,14,4.0,4,0,0,0,14,0,0,48,8.3,1156,16:03,96,53,0,0,,maattol01
438,Dylan Samberg,25,WPG,D,78,1,17,18,16,43,3.9,1,0,0,0,15,1,1,77,1.3,1219,15:38,111,65,0,0,,sambedy01
439,Calen Addison,23,TOT,D,72,1,16,17,-38,72,0.8,1,0,0,0,7,9,0,93,1.1,1243,17:16,83,48,0,0,,addisca01
440,Joey Anderson,25,CHI,RW,55,5,12,17,5,8,1.4,5,0,0,0,12,0,0,57,8.8,745,13:33,18,48,0,2,0.0,anderjo08
441,Anthony Beauvillier,26,TOT,LW,60,5,12,17,-8,8,0.6,3,2,0,0,10,2,0,105,4.8,815,13:35,35,53,40,38,51.3,beauvan01
442,Garnet Hathaway,32,PHI,RW,82,7,10,17,-7,132,0.6,6,0,1,1,8,0,2,103,6.8,1024,12:29,73,326,22,11,66.7,hathaga01
443,Pontus Holmberg,24,TOR,RW,54,7,10,17,11,18,1.5,7,0,0,1,10,0,0,54,13.0,625,11:34,42,51,94,109,46.3,holmbpo01
444,Peyton Krebs,23,BUF,C,80,4,13,17,2,67,0.5,4,0,0,2,13,0,0,74,5.4,1000,12:30,23,108,284,330,46.3,krebspe01
445,Jackson LaCombe,23,ANA,D,71,2,15,17,-24,24,1.3,2,0,0,1,12,2,1,55,3.6,1376,19:23,129,50,0,0,,lacomja01
446,Ryan Lindgren,25,NYR,D,76,3,14,17,22,36,5.0,3,0,0,1,14,0,0,73,4.1,1471,19:21,103,114,0,0,,lindgry01
447,Alec Martinez,36,VEG,D,55,4,13,17,-2,6,2.8,4,0,0,0,10,3,0,72,5.6,1047,19:03,165,29,0,0,,martial01
448,Niko Mikkola,27,FLA,D,82,3,14,17,11,69,4.4,3,0,0,0,13,0,1,93,3.2,1643,20:02,124,198,0,0,,mikkoni01
449,Scott Perunovich,25,STL,D,54,0,17,17,1,12,2.6,0,0,0,0,11,6,0,36,0.0,825,15:16,53,30,0,0,,perunsc01
450,Ryan Suter,39,DAL,D,82,2,15,17,14,28,3.8,2,0,0,1,14,0,1,102,2.0,1553,18:56,111,86,0,0,,suterry01
451,Yakov Trenin,27,TOT,C,76,12,5,17,15,40,1.4,12,0,0,3,4,0,1,116,10.3,1108,14:34,36,207,99,121,45.0,treniya01
452,Juuso Välimäki,25,ARI,D,68,2,15,17,12,12,3.6,2,0,0,0,11,4,0,69,2.9,1298,19:06,90,69,0,0,,valimju01
453,Nicolas Aubé-Kubel,27,WSH,RW,60,6,10,16,4,23,1.2,6,0,0,0,10,0,0,58,10.3,732,12:12,26,159,6,12,33.3,aubekni01
454,Emil Bemström,24,TOT,C,56,8,8,16,-5,12,1.1,4,4,0,1,7,1,0,83,9.6,624,11:08,34,36,6,10,37.5,bemstem01
455,André Burakovsky,28,SEA,LW,49,7,9,16,-15,14,0.7,2,5,0,1,5,4,0,92,7.6,714,14:34,14,13,3,3,50.0,burakan01
456,Sam Carrick,31,TOT,C,77,10,6,16,-11,102,0.5,7,1,2,0,6,0,0,92,10.9,941,12:13,35,167,419,366,53.4,carrisa01
457,Brian Dumoulin,32,SEA,D,80,6,10,16,3,20,4.2,6,0,0,1,10,0,0,69,8.7,1361,17:01,79,72,0,0,,dumoubr01
458,Martin Fehérváry,24,WSH,D,66,3,13,16,-7,24,3.1,3,0,0,0,12,0,1,61,4.9,1296,19:38,109,188,0,0,,feherma01
459,Dougie Hamilton,30,NJD,D,20,5,11,16,-8,20,1.8,1,4,0,0,7,4,0,61,8.2,420,20:59,24,18,0,0,,hamildo01
460,Jack Johnson,37,COL,D,80,3,13,16,15,38,3.3,3,0,0,0,13,0,0,76,3.9,1194,14:56,89,78,0,0,,johnsja02
461,Kent Johnson,21,CBJ,C,42,6,10,16,-2,10,1.1,6,0,0,1,10,0,0,62,9.7,569,13:33,16,10,8,12,40.0,johnske01
462,Brett Kulak,30,EDM,D,82,3,13,16,0,30,2.6,3,0,0,1,12,1,0,94,3.2,1262,15:23,88,77,0,0,,kulakbr01
463,Trevor Lewis,37,LAK,C,82,8,8,16,7,20,1.2,7,0,1,2,6,1,1,130,6.2,954,11:38,62,90,133,179,42.6,lewistr01
464,Pat Maroon,35,TOT,LW,51,4,12,16,-11,60,0.5,4,0,0,0,11,1,0,56,7.1,655,12:51,16,82,12,20,37.5,maroopa01
465,Adam Pelech,29,NYI,D,58,1,15,16,-2,27,2.3,1,0,0,1,14,0,1,71,1.4,1176,20:17,111,64,0,0,,pelecad01
466,Lukas Reichel,21,CHI,LW,65,5,11,16,-29,12,-0.1,3,2,0,0,11,0,0,84,6.0,917,14:07,25,27,86,112,43.4,reichlu01
467,Brandon Tanev,32,SEA,LW,66,7,9,16,2,51,1.0,7,0,0,0,7,0,2,73,9.6,963,14:35,62,148,9,21,30.0,tanevbr01
468,Alex Vlasic,22,CHI,D,76,2,14,16,-4,45,4.2,2,0,0,1,12,2,0,71,2.8,1632,21:29,148,56,0,0,,vlasial01
469,Kailer Yamamoto,25,SEA,RW,59,8,8,16,-9,18,1.0,6,2,0,2,4,4,0,61,13.1,708,11:59,18,31,38,69,35.5,yamamka01
470,Viktor Arvidsson,30,LAK,LW,18,6,9,15,4,14,1.7,5,1,0,1,5,4,0,59,10.2,300,16:42,18,8,3,6,33.3,arvidvi01
471,Tyson Barrie,32,NSH,D,41,1,14,15,-10,16,1.4,1,0,0,0,8,6,0,65,1.5,751,18:19,47,14,0,0,,barrity01
472,Jeff Carter,39,PIT,C,72,11,4,15,-7,12,0.7,5,4,2,4,4,0,0,90,12.2,905,12:34,33,83,265,159,62.5,carteje01
473,Nick Cousins,30,FLA,C,69,7,8,15,1,64,0.9,7,0,0,3,8,0,0,111,6.3,841,12:11,33,130,17,15,53.1,cousini01
474,Frédérick Gaudreau,30,MIN,C,67,5,10,15,-23,12,-0.4,3,2,0,1,5,5,0,105,4.8,934,13:57,47,24,273,274,49.9,gaudrfr01
475,Mark Jankowski,29,NSH,C,32,7,8,15,11,8,1.8,6,0,1,1,7,1,0,48,14.6,405,12:40,11,8,82,81,50.3,jankoma01
476,Max Jones,25,ANA,LW,52,5,10,15,-6,33,0.7,5,0,0,0,9,1,0,76,6.6,627,12:03,14,127,5,11,31.3,jonesma03
477,Arthur Kaliyev,22,LAK,RW,51,7,8,15,-3,14,1.1,4,3,0,0,7,1,0,101,6.9,602,11:48,14,33,0,1,0.0,kaliyar01
478,Kevin Korchinski,19,CHI,D,76,5,10,15,-39,20,1.6,5,0,0,2,3,7,0,93,5.4,1491,19:37,82,26,0,0,,korchke01
479,Dominik Kubalík,28,OTT,LW,74,11,4,15,-30,19,0.0,7,4,0,2,4,0,0,91,12.1,897,12:07,20,55,15,22,40.5,kubaldo01
480,Blake Lizotte,26,LAK,C,62,7,8,15,11,20,1.4,5,0,2,2,7,0,1,76,9.2,733,11:49,28,64,171,194,46.8,lizotbl01
481,Alexander Nylander,25,TOT,LW,28,11,4,15,-1,6,1.7,9,2,0,2,4,0,0,72,15.3,455,16:15,12,12,9,10,47.4,nylanal01
482,Jamie Oleksiak,31,SEA,D,82,2,13,15,-2,37,3.7,2,0,0,0,11,0,2,108,1.9,1611,19:39,177,110,0,0,,oleksja01
483,Victor Olofsson,28,BUF,RW,51,7,8,15,-1,4,1.2,6,1,0,1,6,2,0,66,10.6,590,11:34,10,22,0,2,0.0,olofsvi01
484,Matthew Poitras,19,BOS,C,33,5,10,15,4,6,1.4,5,0,0,1,9,1,0,40,12.5,442,13:24,15,17,111,143,43.7,poitrma01
485,Conor Sheary,31,TBL,LW,57,4,11,15,-3,12,0.7,4,0,0,0,11,0,0,50,8.0,633,11:06,35,19,4,7,36.4,shearco01
486,Brendan Smith,34,NJD,D,63,5,10,15,-3,61,2.6,5,0,0,0,10,0,0,60,8.3,1014,16:06,101,117,0,0,,smithbr05
487,Kevin Stenlund,27,FLA,C,81,11,4,15,-10,62,0.6,9,0,2,3,4,0,0,81,13.6,1021,12:36,55,83,429,406,51.4,stenlke01
488,Trevor Zegras,22,ANA,C,31,6,9,15,-1,30,1.1,5,1,0,1,9,0,0,73,8.2,530,17:05,15,16,53,85,38.4,zegratr01
489,Justin Bailey,28,SJS,RW,59,5,9,14,-15,6,0.5,5,0,0,0,8,1,0,70,7.1,666,11:17,29,76,6,11,35.3,baileju01
490,Jacob Bernard-Docker,23,OTT,D,72,4,10,14,-7,25,2.2,4,0,0,0,9,0,1,51,7.8,1130,15:42,156,62,0,0,,bernaja01
491,Zach Bogosian,33,TOT,D,65,3,11,14,11,63,3.4,3,0,0,1,10,0,1,83,3.6,1162,17:53,83,109,0,0,,bogosza01
492,Jesper Boqvist,25,BOS,C,47,6,8,14,12,8,1.5,6,0,0,1,8,0,0,51,11.8,524,11:09,15,71,51,92,35.7,boqvije01
493,Brandon Carlo,27,BOS,D,76,4,10,14,23,42,4.7,4,0,0,1,10,0,0,79,5.1,1513,19:54,140,140,0,0,,carlobr01
494,Hudson Fasching,28,NYI,RW,45,4,10,14,-7,6,0.6,4,0,0,1,10,0,0,41,9.8,542,12:03,31,40,1,1,50.0,faschhu01
495,Zemgus Girgensons,30,BUF,C,63,8,6,14,-1,21,0.9,8,0,0,3,6,0,0,73,11.0,747,11:51,36,141,94,103,47.7,girgeze01
496,Ryan Graves,28,PIT,D,70,3,11,14,10,30,3.3,3,0,0,1,11,0,0,77,3.9,1287,18:23,142,72,0,0,,gravery01
497,Jordan Harris,23,MTL,D,56,3,11,14,-5,22,1.9,3,0,0,0,11,0,0,43,7.0,978,17:28,86,26,0,0,,harrijo01
498,Tanner Jeannot,26,TBL,F,55,7,7,14,-10,75,0.6,6,1,0,0,6,1,0,59,11.9,661,12:01,27,211,23,41,35.9,jeannta01
499,Nick Jensen,33,WSH,D,78,1,13,14,-9,10,2.9,1,0,0,0,13,0,0,71,1.4,1531,19:38,123,62,0,0,,jenseni02
500,Klim Kostin,24,TOT,C,52,8,6,14,-12,53,0.9,8,0,0,0,5,1,0,43,18.6,567,10:55,16,108,8,12,40.0,kostikl01
501,Jeremy Lauzon,26,NSH,D,79,6,8,14,-3,98,2.8,6,0,0,0,8,0,0,103,5.8,1470,18:37,111,386,0,0,,lauzoje01
502,Liam O'Brien,29,ARI,C,75,5,9,14,0,153,0.6,5,0,0,0,9,0,0,72,6.9,730,9:44,33,229,6,22,21.4,obrieli01
503,Taylor Raddysh,25,CHI,RW,73,5,9,14,-19,22,-0.2,3,1,1,0,7,2,0,120,4.2,1159,15:53,28,84,19,38,33.3,raddyta01
504,Nate Schmidt,32,WPG,D,63,2,12,14,10,16,3.1,1,1,0,1,9,3,0,75,2.7,1059,16:49,76,66,0,0,,schmina01
505,Logan Stankoven,20,DAL,C,24,6,8,14,10,4,1.7,5,1,0,0,7,1,0,51,11.8,352,14:40,11,20,11,6,64.7,stanklo01
506,Urho Vaakanainen,25,ANA,D,68,1,13,14,0,26,2.5,1,0,0,0,12,0,1,67,1.5,1188,17:29,79,55,0,0,,vaakaur01
507,Trevor van Riemsdyk,32,WSH,D,70,0,14,14,-7,18,2.7,0,0,0,0,13,0,1,75,0.0,1307,18:40,103,22,0,0,,vanritr01
508,Zach Whitecloud,27,VEG,D,61,2,12,14,-3,32,2.2,2,0,0,1,11,0,1,51,3.9,1073,17:35,105,129,0,0,,whiteza01
509,Alexander Barabanov,29,SJS,F,46,4,9,13,-24,12,-0.1,4,0,0,0,7,2,0,67,6.0,730,15:52,15,27,2,3,40.0,barabal01
510,Justin Barron,22,MTL,D,48,7,6,13,-3,16,2.3,6,1,0,1,6,0,0,60,11.7,894,18:38,59,61,0,0,,barroju01
511,Jake Bean,25,CBJ,D,72,4,9,13,-10,32,1.7,4,0,0,0,9,0,0,76,5.3,1176,16:20,110,28,0,0,,beanja01
512,Erik Černák,26,TBL,D,69,2,11,13,5,63,3.0,2,0,0,0,11,0,0,53,3.8,1324,19:11,109,198,0,0,,cernaer01
513,Brandon Duhaime,26,TOT,RW,80,5,8,13,-5,70,0.1,4,0,1,0,8,0,0,92,5.4,869,10:52,37,208,4,6,40.0,duhaibr01
514,Dante Fabbro,25,NSH,D,56,3,10,13,9,24,2.9,3,0,0,0,10,0,0,65,4.6,916,16:21,88,45,0,0,,fabbrda01
515,Cody Glass,24,NSH,C,41,6,7,13,-9,20,0.6,6,0,0,1,6,1,0,82,7.3,551,13:26,20,31,100,117,46.1,glassco01
516,Boris Katchouk,25,TOT,LW,59,7,6,13,-6,12,0.8,6,0,1,0,6,0,0,70,10.0,677,11:29,14,82,17,22,43.6,katchbo01
517,Johnathan Kovacevic,26,MTL,D,62,6,7,13,11,42,3.3,6,0,0,0,7,0,0,46,13.0,1024,16:31,83,75,0,0,,kovacjo01
518,Mason Lohrei,23,BOS,D,41,4,9,13,-2,18,2.1,3,1,0,1,7,2,0,43,9.3,695,16:57,63,32,0,0,,lohrema01
519,Tanner Pearson,31,MTL,LW,54,5,8,13,-12,21,0.2,4,1,0,1,7,1,0,77,6.5,699,12:56,35,50,5,17,22.7,pearsta01
520,Brett Pesce,29,CAR,D,70,3,10,13,10,20,3.9,3,0,0,1,10,0,0,107,2.8,1420,20:17,113,25,0,0,,pescebr01
521,Nick Seeler,30,PHI,D,71,1,12,13,9,78,3.5,1,0,0,0,8,0,4,100,1.0,1203,16:57,205,132,0,0,,seeleni01
522,Nico Sturm,28,SJS,C,63,5,8,13,-25,12,-0.3,4,0,1,0,8,0,0,69,7.2,924,14:40,39,75,497,330,60.1,sturmni01
523,Nathan Walker,29,STL,C,45,7,6,13,-1,18,1.2,7,0,0,0,6,0,0,43,16.3,486,10:49,35,95,20,22,47.6,walkena01
524,Nathan Bastian,26,NJD,RW,54,5,7,12,-10,32,0.5,5,0,0,1,7,0,0,57,8.8,549,10:10,27,143,14,13,51.9,bastina01
525,Colin Blackwell,30,CHI,C,44,8,4,12,-2,10,1.1,7,1,0,2,4,0,0,88,9.1,638,14:30,22,45,32,38,45.7,blackco01
526,Connor Brown,30,EDM,RW,71,4,8,12,-8,10,-0.4,4,0,0,0,8,0,0,108,3.7,909,12:48,24,32,17,24,41.5,brownco02
527,Ryan Carpenter,33,SJS,C,62,5,7,12,-16,6,0.2,5,0,0,0,7,0,0,58,8.6,688,11:06,31,47,242,264,47.8,carpery01
528,Mathew Dumba,29,TOT,D,76,4,8,12,-18,88,1.3,4,0,0,0,8,0,0,86,4.7,1500,19:44,108,202,0,1,0.0,dumbama01
529,Barclay Goodrow,30,NYR,RW,80,4,8,12,-13,78,-0.5,3,0,1,1,8,0,0,61,6.6,1005,12:34,86,170,337,287,54.0,goodrba01
530,A.J. Greer,27,CGY,LW,59,6,6,12,-7,35,0.6,5,1,0,0,6,0,0,57,10.5,521,8:50,24,100,4,4,50.0,greeraj01
531,Noah Gregor,25,TOR,C,63,6,6,12,-7,17,0.1,4,1,1,1,6,0,0,110,5.5,718,11:24,26,147,14,10,58.3,gregono01
532,Carl Grundström,26,LAK,RW,50,8,4,12,-2,12,1.0,6,1,1,1,4,0,0,95,8.4,547,10:56,16,115,2,8,20.0,grundca01
533,Nicolas Hague,25,VEG,D,73,2,10,12,-5,43,2.1,2,0,0,1,10,0,0,105,1.9,1354,18:33,111,153,0,0,,hagueni01
534,Jani Hakanpää,31,DAL,D,64,2,10,12,10,33,2.8,2,0,0,1,10,0,0,56,3.6,1193,18:39,123,196,0,0,,hakanja01
535,Mattias Janmark,31,EDM,C,71,4,8,12,0,46,0.0,4,0,0,0,8,0,0,67,6.0,845,11:54,19,55,32,43,42.7,janmama02
536,Mathieu Olivier,26,CBJ,F,54,5,7,12,-4,70,0.5,4,0,1,1,7,0,0,55,9.1,609,11:17,36,163,4,12,25.0,olivima01
537,Juuso Pärssinen,22,NSH,C,44,8,4,12,-6,12,0.6,6,2,0,0,3,1,0,54,14.8,642,14:36,15,62,78,130,37.5,parssju01
538,Michael Pezzetta,25,MTL,C,61,3,9,12,4,59,0.8,3,0,0,1,9,0,0,42,7.1,476,7:48,29,242,6,8,42.9,pezzemi01
539,Derek Ryan,37,EDM,C,70,5,7,12,-3,8,0.3,3,0,2,0,6,0,1,52,9.6,714,10:12,28,59,228,181,55.7,ryande01
540,Chris Tierney,29,NJD,C,52,4,8,12,3,21,1.0,4,0,0,0,8,0,0,26,15.4,469,9:02,12,20,111,83,57.2,tiernch01
541,Marc-Édouard Vlasic,36,SJS,D,57,6,6,12,-27,26,1.2,6,0,0,1,6,0,0,72,8.3,928,16:17,108,35,0,0,,vlasima01
542,Kevin Bahl,23,NJD,D,82,1,10,11,1,82,2.4,1,0,0,1,10,0,0,63,1.6,1427,17:24,103,151,0,0,,bahlke01
543,Thomas Bordeleau,22,SJS,C,27,6,5,11,-18,18,0.5,2,4,0,1,2,3,0,48,12.5,406,15:01,19,12,66,59,52.8,bordeth01
544,Ian Cole,34,VAN,D,78,2,9,11,10,61,2.9,2,0,0,0,9,0,0,61,3.3,1458,18:41,166,83,0,0,,coleia01
545,Tony DeAngelo,28,CAR,D,31,3,8,11,-7,24,1.3,1,2,0,0,4,4,0,44,6.8,445,14:20,18,4,0,0,,deangan01
546,Vincent Desharnais,27,EDM,D,78,1,10,11,3,54,2.1,1,0,0,0,9,0,1,41,2.4,1227,15:44,122,135,0,0,,deshavi01
547,Mackenzie Entwistle,24,CHI,RW,67,5,6,11,-29,47,-0.4,5,0,0,1,6,0,0,66,7.6,763,11:23,32,139,172,221,43.8,entwima01
548,Luke Glendening,34,TBL,C,81,10,1,11,-2,39,0.4,9,0,1,1,1,0,0,57,17.5,941,11:37,53,121,531,417,56.0,glendlu01
549,Matt Grzelcyk,30,BOS,D,63,2,9,11,13,37,3.2,2,0,0,0,9,0,0,59,3.4,1109,17:36,76,53,0,0,,grzelma01
550,Pierre-Olivier Joseph,24,PIT,D,52,2,9,11,-3,14,1.6,2,0,0,1,9,0,0,42,4.8,784,15:05,44,47,0,0,,joseppi01
551,Isac Lundeström,24,ANA,C,46,5,6,11,-1,2,0.4,4,0,1,0,5,1,0,38,13.2,660,14:20,27,51,170,216,44.0,lundeis01
552,Jonathon Merrill,31,MIN,D,65,4,7,11,0,30,2.2,4,0,0,0,7,0,0,42,9.5,831,12:47,57,37,0,0,,merrijo01
553,Henry Thrun,22,SJS,D,51,3,8,11,-22,16,1.3,1,2,0,0,6,2,0,48,6.3,1020,20:00,71,26,0,0,,thrunhe01
554,John Beecher,22,BOS,C,52,7,3,10,-6,24,0.5,7,0,0,1,3,0,0,38,18.4,552,10:37,34,112,273,227,54.6,beechjo01
555,Adam Boqvist,23,CBJ,D,35,1,9,10,-8,0,0.9,1,0,0,0,5,4,0,45,2.2,640,18:17,42,11,0,0,,boqviad01
556,Josh Brown,30,ARI,D,51,3,7,10,2,75,1.9,3,0,0,1,7,0,0,44,6.8,752,14:45,85,112,0,0,,brownjo01
557,Calvin de Haan,32,TBL,D,59,3,7,10,-9,22,1.5,3,0,0,0,7,0,0,56,5.4,981,16:38,82,96,0,0,,dehaaca01
558,Phillip Di Giuseppe,30,VAN,LW,51,5,5,10,-1,36,0.3,5,0,0,1,5,0,0,52,9.6,617,12:06,23,93,5,12,29.4,digiuph01
559,Jamie Drysdale,21,TOT,D,34,3,7,10,-20,8,0.6,2,1,0,0,5,1,1,55,5.5,667,19:37,43,26,0,0,,drysdja01
560,Ty Emberson,23,SJS,D,30,1,9,10,-4,6,1.6,1,0,0,0,8,1,0,31,3.2,556,18:33,46,94,0,0,,emberty01
561,Andreas Englund,28,LAK,D,82,1,9,10,-3,81,2.1,1,0,0,0,9,0,0,41,2.4,1084,13:13,87,189,0,0,,engluan01
562,Sam Gagner,34,EDM,C,28,5,5,10,-2,10,0.9,5,0,0,2,4,1,0,48,10.4,286,10:13,17,17,15,9,62.5,gagnesa01
563,Alex Goligoski,38,MIN,D,36,0,10,10,-8,18,0.8,0,0,0,0,8,2,0,32,0.0,533,14:49,41,27,0,0,,goligal01
564,Rafaël Harvey-Pinard,25,MTL,LW,45,2,8,10,-2,6,0.2,2,0,0,0,7,0,1,26,7.7,569,12:38,47,47,13,28,31.7,harvera01
565,Barrett Hayton,23,ARI,C,33,3,7,10,-13,26,-0.1,2,1,0,0,6,1,0,66,4.5,561,17:01,15,17,208,210,49.8,haytoba01
566,Ben Hutton,30,VEG,D,41,2,8,10,12,17,2.6,2,0,0,0,7,1,0,67,3.0,667,16:15,54,17,0,0,,huttobe01
567,David Jiříček,20,CBJ,D,43,1,9,10,-4,22,1.2,1,0,0,1,9,0,0,38,2.6,628,14:36,45,23,0,0,,jiricda01
568,Mark Kastelic,24,OTT,C,63,5,5,10,-5,63,0.5,5,0,0,0,5,0,0,60,8.3,487,7:43,31,126,190,159,54.4,kastema01
569,Jakub Lauko,23,BOS,C,60,2,8,10,-3,32,0.1,2,0,0,0,8,0,0,43,4.7,589,9:49,24,176,7,9,43.8,laukoja01
570,Gustav Lindström,25,TOT,D,46,3,7,10,12,24,2.7,3,0,0,0,7,0,0,29,10.3,708,15:24,63,63,0,0,,lindsgu01
571,Sam Malinski,25,COL,D,23,3,7,10,3,6,1.6,2,1,0,1,6,1,0,31,9.7,327,14:14,22,14,0,0,,malinsa01
572,Zach Parise,39,COL,LW,30,5,5,10,-7,8,0.4,5,0,0,1,3,2,0,50,10.0,389,12:58,25,20,13,30,30.2,parisza01
573,Andrew Peeke,25,TOT,D,38,1,9,10,-1,14,1.5,1,0,0,0,8,0,1,37,2.7,623,16:24,78,88,0,0,,peekean01
574,Eric Robinson,28,TOT,LW,47,3,7,10,-3,19,0.3,3,0,0,1,7,0,0,61,4.9,533,11:20,11,94,3,3,50.0,robiner01
575,Jayden Struble,22,MTL,D,56,3,7,10,-3,57,1.6,3,0,0,0,7,0,0,47,6.4,902,16:07,53,121,0,0,,strubja01
576,Conor Timmins,25,TOR,D,25,1,9,10,9,18,1.8,1,0,0,0,7,2,0,25,4.0,401,16:01,28,34,0,0,,timmico01
577,Arber Xhekaj,23,MTL,D,44,3,7,10,6,81,2.1,3,0,0,0,7,0,0,61,4.9,701,15:56,49,125,0,0,,xhekaar01
578,Sebastian Aho,27,NYI,D,58,2,7,9,-7,12,1.2,2,0,0,0,5,2,0,48,4.2,951,16:23,72,42,0,0,,ahose02
579,Andreas Athanasiou,29,CHI,C,28,2,7,9,-7,7,0.4,2,0,0,0,5,2,0,44,4.5,367,13:06,21,11,76,88,46.3,athanan01
580,Alex Barré-Boulet,26,TBL,F,36,6,3,9,-9,10,0.5,4,2,0,0,3,0,0,46,13.0,403,11:11,8,26,14,14,50.0,barreal01
581,Zachary Bolduc,20,STL,C,25,5,4,9,0,6,0.9,5,0,0,0,4,0,0,38,13.2,300,12:01,12,12,1,1,50.0,bolduza01
582,Declan Chisholm,24,TOT,D,31,3,6,9,-7,18,1.1,1,2,0,0,3,3,0,29,10.3,512,16:32,38,12,0,0,,chishde01
583,Matthew Coronato,21,CGY,RW,34,3,6,9,-15,4,-0.1,2,1,0,0,6,0,0,58,5.2,429,12:37,7,7,5,14,26.3,coronma01
584,Ty Dellandrea,23,DAL,C,42,2,7,9,-10,23,-0.3,2,0,0,0,7,0,0,53,3.8,532,12:40,17,63,93,131,41.5,dellaty01
585,Josh Doan,21,ARI,RW,11,5,4,9,6,0,1.4,5,0,0,1,4,0,0,23,21.7,135,12:19,7,7,5,7,41.7,doanjo01
586,Christian Dvorak,27,MTL,C,30,5,4,9,-5,4,0.4,4,1,0,0,4,0,0,35,14.3,466,15:32,19,16,197,144,57.8,dvorach01
587,Ryker Evans,22,SEA,D,36,1,8,9,-5,20,1.6,1,0,0,0,3,5,0,44,2.3,690,19:11,38,62,0,0,,evansry01
588,Julien Gauthier,26,NYI,RW,27,5,4,9,-5,8,0.7,5,0,0,1,4,0,0,32,15.6,275,10:10,17,63,3,5,37.5,gauthju01
589,Mark Giordano,40,TOR,D,46,3,6,9,10,49,2.1,3,0,0,1,6,0,0,59,5.1,764,16:37,86,51,0,0,,giordma01
590,Dylan Holloway,22,EDM,C,38,6,3,9,-1,29,0.6,5,1,0,0,3,0,0,56,10.7,432,11:22,14,91,27,20,57.4,hollody01
591,Zachary Jones,23,NYR,D,31,2,7,9,1,8,1.6,2,0,0,1,7,0,0,42,4.8,453,14:38,23,22,0,0,,jonesza01
592,Joel Kiviranta,27,COL,F,56,3,6,9,-1,12,0.1,3,0,0,0,6,0,0,48,6.3,551,9:50,31,78,2,5,28.6,kivirjo01
593,Kaedan Korczak,23,VEG,D,26,1,8,9,12,8,2.2,1,0,0,0,7,1,0,32,3.1,429,16:30,31,43,0,0,,korczka01
594,Kevin Labanc,28,SJS,RW,46,2,7,9,-27,16,-0.6,2,0,0,0,4,3,0,60,3.3,535,11:37,17,61,6,14,30.0,labanke01
595,Patrik Laine,25,CBJ,RW,18,6,3,9,-10,6,0.6,5,1,0,0,2,1,0,41,14.6,274,15:13,14,5,30,49,38.0,lainepa01
596,Vinni Lettieri,28,MIN,C,46,5,4,9,-7,24,0.4,5,0,0,1,4,0,0,47,10.6,441,9:35,27,53,41,42,49.4,lettivi01
597,Jacob MacDonald,30,SJS,D,34,7,2,9,-14,23,1.2,4,3,0,0,1,1,0,49,14.3,409,12:01,17,40,1,3,25.0,macdoja02
598,Kyle MacLean,24,NYI,F,32,4,5,9,5,11,0.9,4,0,0,0,5,0,0,26,15.4,323,10:05,6,60,105,142,42.5,macleky01
599,Josh Mahura,25,FLA,D,30,0,9,9,-2,20,1.1,0,0,0,0,8,0,1,25,0.0,378,12:36,27,40,0,0,,mahurjo01
600,Colin Miller,31,TOT,D,46,4,5,9,8,26,2.4,4,0,0,0,4,1,0,69,5.8,722,15:42,37,91,0,0,,milleco02
601,Tyler Motte,28,TBL,C,69,6,3,9,-8,28,-0.2,4,0,2,2,3,0,0,83,7.2,859,12:27,41,97,78,77,50.3,mottety01
602,Nikita Okhotyuk,23,TOT,D,52,1,8,9,-24,48,0.4,1,0,0,1,8,0,0,52,1.9,827,15:55,80,147,0,0,,okhotni01
603,Fredrik Olofsson,27,COL,LW,57,3,6,9,-5,8,-0.1,3,0,0,1,6,0,0,45,6.7,556,9:45,29,45,159,242,39.7,olofsfr01
604,Joshua Roy,20,MTL,RW,23,4,5,9,-2,0,0.7,4,0,0,0,5,0,0,34,11.8,279,12:08,21,12,2,5,28.6,royjo01
605,Adam Ružička,24,TOT,C,42,3,6,9,-9,12,0.1,3,0,0,1,2,4,0,35,8.6,421,10:02,16,11,86,97,47.0,ruzicad01
606,Jonas Siegenthaler,26,NJD,D,57,1,8,9,-7,20,1.3,1,0,0,0,8,0,0,63,1.6,1102,19:20,97,87,0,0,,siegejo01
607,Jarred Tinordi,31,CHI,D,52,0,9,9,-27,64,0.3,0,0,0,0,8,0,1,32,0.0,814,15:39,94,171,0,0,,tinorja01
608,Olen Zellweger,20,ANA,D,26,2,7,9,-6,4,1.1,2,0,0,0,5,2,0,34,5.9,501,19:17,38,14,0,0,,zellwol01
609,Travis Boyd,30,ARI,C,16,2,6,8,3,2,0.8,2,0,0,1,6,0,0,12,16.7,154,9:37,10,10,23,20,53.5,boydtr01
610,Brendan Brisson,22,VEG,C,15,2,6,8,-5,2,0.5,1,1,0,1,5,1,0,20,10.0,185,12:20,4,13,4,4,50.0,brissbr01
611,Jacob Bryson,26,BUF,D,36,1,7,8,5,8,1.7,1,0,0,0,7,0,0,15,6.7,528,14:41,40,17,0,0,,brysoja01
612,Kyle Burroughs,28,SJS,D,73,2,6,8,-42,71,0.1,2,0,0,1,5,1,0,79,2.5,1398,19:09,134,233,0,0,,burroky01
613,William Carrier,29,VEG,LW,39,6,2,8,3,16,0.7,6,0,0,0,2,0,0,65,9.2,436,11:10,16,90,7,8,46.7,carriwi01
614,Cole Guttman,24,CHI,C,27,4,4,8,-17,7,0.1,2,2,0,0,3,1,0,50,8.0,341,12:37,14,11,60,60,50.0,guttmco01
615,Dryden Hunt,28,CGY,LW,28,3,5,8,1,7,0.6,3,0,0,1,5,0,0,33,9.1,312,11:08,6,73,2,3,40.0,huntdr01
616,Oliver Kylington,26,CGY,D,33,3,5,8,-6,12,1.1,3,0,0,0,5,0,0,42,7.1,569,17:15,51,24,0,0,,kylinol01
617,Ilya Lyubushkin,29,TOT,D,74,0,8,8,-11,57,0.9,0,0,0,0,8,0,0,47,0.0,1267,17:07,168,176,0,0,,lyubuil01
618,Matt Martin,34,NYI,LW,57,4,4,8,7,43,0.5,4,0,0,0,4,0,0,48,8.3,531,9:19,29,151,7,11,38.9,martima02
619,Dakota Mermis,30,MIN,D,47,3,5,8,-2,33,1.5,3,0,0,0,5,0,0,42,7.1,662,14:05,59,45,0,0,,mermida01
620,Connor Murphy,30,CHI,D,46,2,6,8,-19,40,1.1,2,0,0,0,6,0,0,51,3.9,912,19:50,113,116,0,0,,murphco02
621,Marco Scandella,33,STL,D,65,2,6,8,2,15,2.0,1,0,1,1,6,0,0,42,4.8,811,12:28,49,70,0,0,,scandma01
622,Parker Wotherspoon,26,BOS,D,41,0,8,8,6,31,1.8,0,0,0,0,8,0,0,32,0.0,727,17:43,67,84,0,0,,wothepa01
623,Jesse Ylönen,24,MTL,RW,59,4,4,8,2,12,0.2,4,0,0,1,4,0,0,50,8.0,604,10:14,32,41,5,4,55.6,yloneje01
624,Noel Acciari,32,PIT,C,55,4,3,7,-7,10,-0.4,4,0,0,1,3,0,0,59,6.8,713,12:58,85,124,313,261,54.5,acciano01
625,Nils Åman,23,VAN,C,43,3,4,7,-3,8,0.1,3,0,0,0,4,0,0,28,10.7,444,10:20,22,31,72,86,45.6,amanni01
626,Pierre-Édouard Bellemare,38,SEA,LW,40,4,3,7,4,6,0.7,3,0,1,0,3,0,0,36,11.1,394,9:50,22,20,174,151,53.5,bellepi01
627,Sammy Blais,27,STL,LW,53,1,6,7,-11,31,-0.4,1,0,0,0,6,0,0,33,3.0,514,9:41,19,194,2,7,22.2,blaissa01
628,Justin Brazeau,25,BOS,F,19,5,2,7,4,2,1.0,3,2,0,1,2,0,0,31,16.1,211,11:07,12,43,3,7,30.0,brazeju01
629,Mitchell Chaffee,26,TBL,F,30,4,3,7,2,4,0.6,4,0,0,0,3,0,0,27,14.8,339,11:17,20,88,0,4,0.0,chaffmi01
630,Travis Dermott,27,ARI,D,50,2,5,7,-14,26,0.4,2,0,0,0,5,0,0,38,5.3,864,17:17,64,52,0,0,,dermotr01
631,Nick DeSimone,29,TOT,D,34,2,5,7,3,4,1.5,2,0,0,1,5,0,0,28,7.1,458,13:29,42,29,0,0,,desimni01
632,Dillon Dubé,25,CGY,C,43,3,4,7,-13,8,-0.3,2,1,0,0,4,0,0,42,7.1,480,11:10,18,35,26,23,53.1,dubedi01
633,Walker Duehr,26,CGY,F,40,2,5,7,-3,6,0.2,2,0,0,0,5,0,0,29,6.9,325,8:07,13,67,1,5,16.7,duehrwa01
634,Dennis Gilbert,27,CGY,D,34,1,6,7,-7,16,0.6,1,0,0,0,6,0,0,23,4.3,418,12:17,49,59,0,0,,gilbede01
635,David Gustafsson,23,WPG,C,39,3,4,7,1,0,0.4,3,0,0,0,4,0,0,27,11.1,361,9:16,23,30,106,88,54.6,gustada01
636,Ryan Johnson,22,BUF,D,41,0,7,7,3,12,1.4,0,0,0,0,7,0,0,35,0.0,569,13:52,39,8,0,0,,johnsry03
637,Noah Juulsen,26,VAN,D,54,1,6,7,-1,22,1.2,1,0,0,0,6,0,0,30,3.3,804,14:54,85,164,0,0,,juulsno01
638,Wyatt Kaiser,21,CHI,D,32,0,7,7,0,22,1.6,0,0,0,0,7,0,0,18,0.0,554,17:19,46,22,0,0,,kaisewy01
639,Matthew Kessel,23,STL,D,39,1,6,7,0,12,1.5,1,0,0,0,6,0,0,28,3.6,655,16:48,65,40,0,0,,kessema01
640,Ryan Lomberg,29,FLA,LW,75,5,2,7,-1,80,0.0,4,1,0,2,2,0,0,68,7.4,716,9:32,21,179,5,12,29.4,lombery01
641,Daniil Miromanov,26,TOT,D,24,3,4,7,-2,8,1.2,3,0,0,0,2,2,0,46,6.5,497,20:43,34,7,0,0,,miromda01
642,Brayden Pachal,24,TOT,D,50,2,5,7,-3,51,1.3,2,0,0,0,4,0,1,52,3.8,734,14:41,68,129,0,0,,pachabr01
643,Mattias Samuelsson,23,BUF,D,41,1,6,7,4,26,1.8,1,0,0,1,6,0,0,44,2.3,841,20:30,87,106,0,0,,samuema02
644,Luke Schenn,34,NSH,D,63,1,6,7,1,43,1.5,1,0,0,0,6,0,0,81,1.2,957,15:11,76,202,0,0,,schenlu01
645,Michael Sgarbossa,31,WSH,C,25,4,3,7,0,2,0.7,4,0,0,1,2,1,0,27,14.8,274,10:58,3,16,58,68,46.0,sgarbmi01
646,Troy Stecher,29,TOT,D,54,1,6,7,9,32,2.1,1,0,0,0,6,0,0,51,2.0,978,18:07,77,67,0,0,,stechtr01
647,Nikita Zaitsev,32,CHI,D,38,2,5,7,-5,14,1.5,2,0,0,0,3,2,0,31,6.5,605,15:56,70,69,0,0,,zaitsni01
648,Radim Zohorna,27,PIT,F,33,4,3,7,0,18,0.5,4,0,0,1,3,0,0,38,10.5,322,9:46,5,44,5,5,50.0,zohorra01
649,Jonatan Berggren,23,DET,RW,12,2,4,6,-1,2,0.5,2,0,0,0,4,0,0,14,14.3,130,10:52,7,2,0,0,,berggjo02
650,Filip Chytil,24,NYR,C,10,0,6,6,0,4,0.3,0,0,0,0,5,1,0,22,0.0,159,15:56,4,4,29,38,43.3,chytifi01
651,Brandt Clarke,20,LAK,D,16,2,4,6,-6,10,0.6,2,0,0,1,1,3,0,31,6.5,218,13:39,21,6,0,0,,clarkbr02
652,Joel Edmundson,30,TOT,D,53,1,5,6,-2,23,1.6,1,0,0,0,5,0,0,46,2.2,883,16:40,65,80,0,0,,edmunjo01
653,Travis Hamonic,33,OTT,D,48,2,4,6,-10,40,0.6,2,0,0,0,4,0,0,50,4.0,707,14:44,75,54,0,0,,hamontr01
654,Erik Johnson,35,TOT,D,67,5,1,6,-14,26,1.0,5,0,0,1,1,0,0,60,8.3,970,14:28,97,143,0,0,,johnser01
655,Tyson Jost,25,BUF,C,43,3,3,6,-11,10,-0.2,3,0,0,0,3,0,0,48,6.3,456,10:36,20,44,86,116,42.6,jostty01
656,Ivan Miroshnichenko,19,WSH,LW,21,2,4,6,-4,6,0.3,2,0,0,0,3,1,0,30,6.7,255,12:08,5,50,0,2,0.0,mirosiv01
657,Tomáš Nosek,31,NJD,C,36,2,4,6,-11,6,-0.3,2,0,0,0,4,0,0,38,5.3,425,11:49,20,33,121,112,51.9,nosekto01
658,Isaak Phillips,22,CHI,D,33,0,6,6,-26,22,-0.4,0,0,0,0,6,0,0,31,0.0,563,17:04,36,56,0,0,,phillis01
659,Ryan Reaves,37,TOR,RW,49,4,2,6,-13,49,-0.3,4,0,0,0,2,0,0,26,15.4,398,8:07,17,165,1,0,100.0,reavery01
660,Zach Sanford,29,TOT,LW,29,0,6,6,0,6,0.2,0,0,0,0,5,1,0,24,0.0,314,10:50,19,24,42,77,35.3,sanfoza01
661,Carson Soucy,29,VAN,D,40,2,4,6,10,12,1.9,1,1,0,0,3,1,0,29,6.9,699,17:29,64,65,0,0,,soucyca01
662,Jakub Vrána,27,STL,LW,21,2,4,6,-7,8,0.1,2,0,0,0,4,0,0,42,4.8,255,12:08,4,9,0,13,0.0,vranaja01
663,Oliver Wahlstrom,23,NYI,RW,32,2,4,6,-6,8,0.0,1,1,0,0,3,1,0,41,4.9,354,11:04,22,35,5,7,41.7,wahlsol01
664,Simon Benoit,25,TOR,D,64,1,4,5,7,56,1.4,1,0,0,0,4,0,0,52,1.9,1103,17:14,102,246,0,0,,benoisi01
665,Samuel Bolduc,23,NYI,D,34,2,3,5,-4,6,0.7,1,1,0,0,3,0,0,32,6.3,447,13:09,40,44,0,0,,boldusa01
666,Nick Bonino,35,NYR,C,45,1,4,5,-12,8,-0.7,1,0,0,0,4,0,0,31,3.2,551,12:15,78,10,207,199,51.0,boninni01
667,Haydn Fleury,27,TBL,D,24,1,4,5,5,20,1.3,1,0,0,0,4,0,0,25,4.0,387,16:07,40,31,0,0,,fleurha01
668,Joel Hanley,32,TOT,D,42,1,4,5,3,30,1.2,1,0,0,0,4,0,0,19,5.3,584,13:54,47,48,0,0,,hanlejo01
669,Justin Holl,32,DET,D,38,0,5,5,8,22,1.5,0,0,0,0,5,0,0,14,0.0,573,15:05,39,59,0,0,,hollju01
670,Reese Johnson,25,CHI,F,42,2,3,5,-20,40,-0.6,2,0,0,0,3,0,0,51,3.9,459,10:56,16,109,42,39,51.9,johnsre01
671,Caleb Jones,26,COL,D,25,0,5,5,4,8,0.9,0,0,0,0,5,0,0,19,0.0,305,12:12,26,34,0,0,,jonesca01
672,Axel Jonsson-Fjällby,25,WPG,LW,26,2,3,5,6,0,0.5,2,0,0,1,3,0,0,23,8.7,211,8:07,7,30,1,1,50.0,jonssax01
673,John Klingberg,31,TOR,D,14,0,5,5,-7,8,0.1,0,0,0,0,3,2,0,14,0.0,288,20:33,15,13,0,0,,klingjo01
674,Brendan Lemieux,27,CAR,LW,32,3,2,5,0,64,0.4,3,0,0,1,2,0,0,29,10.3,256,8:00,6,71,4,11,26.7,lemiebr01
675,Jake Lucchini,28,MIN,F,40,2,3,5,-3,23,-0.1,2,0,0,0,3,0,0,22,9.1,384,9:36,14,22,45,58,43.7,lucchja01
676,John Ludvig,23,PIT,D,33,3,2,5,-12,47,0.2,3,0,0,1,2,0,0,24,12.5,390,11:48,33,72,0,0,,ludvijo01
677,Olle Lycksell,24,PHI,RW,18,1,4,5,0,6,0.3,1,0,0,0,4,0,0,29,3.4,179,9:57,4,4,2,3,40.0,lycksol01
678,Emil Martinsen Lilleberg,22,TBL,D,37,0,5,5,-15,16,-0.1,0,0,0,0,5,0,0,31,0.0,600,16:12,48,105,0,0,,martiem01
679,Scott Mayfield,31,NYI,D,41,0,5,5,-7,35,0.5,0,0,0,0,5,0,0,36,0.0,769,18:46,106,70,0,0,,mayfisc01
680,Matthew Phillips,25,TOT,F,31,1,4,5,-3,0,0.0,1,0,0,0,4,0,0,21,4.8,316,10:11,15,8,1,2,33.3,phillma01
681,Jared Spurgeon,34,MIN,D,16,0,5,5,5,2,1.2,0,0,0,0,2,3,0,21,0.0,373,23:20,29,14,0,0,,spurgja01
682,Marc Staal,37,PHI,D,35,1,4,5,2,14,1.3,1,0,0,0,4,0,0,20,5.0,483,13:49,44,31,0,0,,staalma01
683,Dominic Toninato,29,WPG,C,15,1,4,5,7,6,0.6,1,0,0,1,4,0,0,12,8.3,153,10:11,9,26,52,57,47.7,tonindo01
684,Shane Wright,20,SEA,C,8,4,1,5,1,0,0.8,4,0,0,3,0,1,0,12,33.3,108,13:32,6,1,41,40,50.6,wrighsh01
685,Jaret Anderson-Dolan,24,TOT,C,31,1,3,4,-5,6,-0.2,0,0,1,0,3,0,0,31,3.2,343,11:03,22,56,20,28,41.7,anderja01
686,Ethan Bear,26,WSH,D,24,1,3,4,-5,10,0.6,1,0,0,1,3,0,0,24,4.2,358,14:54,31,16,0,0,,bearet01
687,Louis Belpedio,27,PHI,D,12,2,2,4,6,0,1.2,2,0,0,1,2,0,0,12,16.7,158,13:12,18,16,0,0,,belpelo01
688,Nicolas Deslauriers,32,PHI,LW,60,1,3,4,-7,89,-0.5,1,0,0,0,3,0,0,49,2.0,489,8:09,21,188,5,8,38.5,deslani01
689,Derek Forbort,31,BOS,D,35,0,4,4,8,17,1.5,0,0,0,0,4,0,0,22,0.0,623,17:48,65,68,0,0,,forbode01
690,Jonah Gadjovich,25,FLA,LW,39,2,2,4,0,104,0.1,2,0,0,0,2,0,0,29,6.9,290,7:26,14,82,0,0,,gadjojo01
691,Brendan Gaunce,29,CBJ,C,24,2,2,4,-7,6,-0.1,2,0,0,0,2,0,0,24,8.3,282,11:45,8,49,98,84,53.8,gauncbr01
692,Taylor Hall,32,CHI,LW,10,2,2,4,-3,4,0.3,2,0,0,1,1,1,0,20,10.0,163,16:20,3,7,6,3,66.7,hallta02
693,Jansen Harkins,26,PIT,C,45,0,4,4,-4,21,-0.4,0,0,0,0,4,0,0,37,0.0,369,8:12,13,74,2,0,100.0,harkija01
694,Ross Johnston,29,ANA,LW,68,1,3,4,-12,117,-0.9,1,0,0,0,3,0,0,44,2.3,557,8:12,27,139,3,3,50.0,johnsro02
695,Marat Khusnutdinov,21,MIN,C,16,1,3,4,-3,6,0.0,0,1,0,0,3,0,0,6,16.7,210,13:07,9,16,49,54,47.6,khusnma01
696,Vladislav Kolyachonok,22,ARI,D,5,1,3,4,5,2,0.9,1,0,0,0,3,0,0,5,20.0,62,12:28,6,4,0,0,,kolyavl01
697,William Lagesson,27,TOT,D,40,0,4,4,3,32,0.9,0,0,0,0,4,0,0,19,0.0,592,14:48,58,76,0,0,,lageswi01
698,James Malatesta,20,CBJ,LW,11,2,2,4,-1,5,0.4,2,0,0,0,2,0,0,12,16.7,112,10:13,2,41,0,1,0.0,malatja01
699,Mason Morelli,27,VEG,F,9,3,1,4,-3,0,0.4,2,1,0,0,1,0,0,9,33.3,97,10:45,6,21,2,4,33.3,morelma01
700,Matthew Nieto,31,PIT,LW,22,1,3,4,5,4,0.2,1,0,0,0,3,0,0,13,7.7,255,11:37,9,14,0,0,,nietoma01
701,Tyler Pitlick,32,NYR,C,34,1,3,4,-6,4,-0.3,1,0,0,0,3,0,0,32,3.1,347,10:12,15,84,3,14,17.6,pitlity01
702,Jesse Puljujärvi,25,PIT,RW,22,3,1,4,2,6,0.4,3,0,0,0,1,0,0,29,10.3,202,9:11,6,40,1,5,16.7,puljuje01
703,Rasmus Ristolainen,29,PHI,D,31,1,3,4,-6,8,0.7,1,0,0,0,3,0,0,46,2.2,517,16:41,45,56,0,0,,ristora01
704,Kevin Rooney,30,CGY,C,33,3,1,4,-4,2,-0.1,3,0,0,0,1,0,0,27,11.1,370,11:13,29,65,97,111,46.6,rooneke01
705,Chad Ruhwedel,33,TOT,D,52,1,3,4,-6,4,0.6,1,0,0,0,3,0,0,35,2.9,660,12:42,44,90,0,0,,ruhwech01
706,Devin Shore,29,SEA,C,21,1,3,4,3,4,0.4,1,0,0,0,3,0,0,15,6.7,168,8:00,9,27,20,20,50.0,shorede01
707,Landon Slaggert,21,CHI,LW,16,1,3,4,1,4,0.3,1,0,0,0,3,0,0,14,7.1,180,11:16,6,16,0,5,0.0,slaggla01
708,Givani Smith,25,SJS,RW,36,1,3,4,-13,40,-0.3,1,0,0,0,3,0,0,31,3.2,281,7:49,12,87,2,3,40.0,smithgi01
709,Spencer Stastney,24,NSH,D,20,2,2,4,9,4,1.5,2,0,0,1,2,0,0,11,18.2,320,15:59,29,2,0,0,,stastsp01
710,Akil Thomas,24,LAK,C,7,3,1,4,0,2,0.6,3,0,0,1,1,0,0,9,33.3,61,8:44,3,8,4,6,40.0,thomaak01
711,Alex Turcotte,22,LAK,C,20,1,3,4,5,6,0.4,1,0,0,0,3,0,0,14,7.1,186,9:17,10,7,21,21,50.0,turcoal02
712,Austin Watson,32,TBL,LW,33,2,2,4,2,93,0.3,2,0,0,0,2,0,0,17,11.8,240,7:16,20,85,0,4,0.0,watsoau01
713,Maxwell Willman,28,NJD,C,18,3,1,4,1,2,0.5,3,0,0,1,1,0,0,17,17.6,150,8:20,7,23,2,4,33.3,willmma01
714,Alexander Alexeyev,24,WSH,D,39,1,2,3,-8,6,0.5,1,0,0,0,2,0,0,20,5.0,534,13:42,59,48,0,0,,alexeal01
715,Uvis Balinskis,27,FLA,D,26,1,2,3,0,8,0.8,1,0,0,0,2,0,0,22,4.5,367,14:06,15,33,0,0,,balinuv01
716,Rourke Chartier,27,OTT,C,37,2,1,3,-4,14,-0.3,2,0,0,1,1,0,0,40,5.0,398,10:46,11,32,154,142,52.0,chartro01
717,Louis Crevier,22,CHI,D,24,0,3,3,-16,4,-0.2,0,0,0,0,3,0,0,18,0.0,376,15:41,50,30,0,0,,crevilo01
718,Angus Crookshank,24,OTT,LW,13,2,1,3,-3,4,0.2,2,0,0,1,1,0,0,20,10.0,131,10:07,8,20,0,0,,crookan01
719,Marc Del Gaizo,24,NSH,D,9,0,3,3,2,2,0.5,0,0,0,0,3,0,0,8,0.0,148,16:28,10,20,0,0,,delgama01
720,Trey Fix-Wolansky,24,CBJ,RW,11,2,1,3,0,2,0.3,2,0,0,0,1,0,0,17,11.8,121,10:59,6,11,0,1,0.0,fixwotr01
721,Liam Foudy,23,TOT,C,13,0,3,3,-2,2,0.0,0,0,0,0,3,0,0,7,0.0,130,9:59,4,8,0,0,,foudyli01
722,James Hamblin,24,EDM,F,31,2,1,3,3,0,0.2,2,0,0,0,1,0,0,18,11.1,246,7:55,21,14,81,79,50.6,hamblja01
723,Vinnie Hinostroza,29,PIT,C,14,1,2,3,-3,4,0.0,1,0,0,0,2,0,0,27,3.7,137,9:45,7,11,4,6,40.0,hinosvi01
724,Steven Lorentz,27,FLA,C,38,1,2,3,-9,10,-0.5,1,0,0,1,2,0,0,30,3.3,334,8:47,14,70,68,71,48.9,lorenst01
725,Tristan Luneau,20,ANA,D,7,1,2,3,1,4,0.6,1,0,0,0,2,0,0,11,9.1,125,17:52,4,9,0,0,,luneatr01
726,Kurtis MacDermid,29,TOT,D,45,2,1,3,4,73,0.9,2,0,0,1,1,0,0,16,12.5,217,4:50,11,83,2,0,100.0,macdeku01
727,Zack MacEwen,27,OTT,C,30,2,1,3,-4,57,0.0,2,0,0,1,1,0,0,17,11.8,192,6:24,7,55,21,13,61.8,macewza01
728,Brock McGinn,29,ANA,LW,24,1,2,3,-5,4,-0.2,1,0,0,0,2,0,0,24,4.2,266,11:05,11,37,5,7,41.7,mcginbr01
729,Ben Meyers,25,TOT,F,23,1,2,3,-4,6,-0.2,1,0,0,0,2,0,0,12,8.3,233,10:07,3,34,43,53,44.8,meyerbe01
730,Jakob Pelletier,22,CGY,LW,13,1,2,3,1,2,0.2,1,0,0,1,2,0,0,9,11.1,121,9:16,3,10,4,4,50.0,pelleja01
731,Sheldon Rempal,28,VEG,RW,9,2,1,3,-2,4,0.3,1,1,0,0,1,0,0,16,12.5,90,9:58,3,0,0,0,,rempash01
732,Anthony Richard,27,BOS,C,9,1,2,3,0,2,0.2,1,0,0,0,2,0,0,6,16.7,95,10:36,5,25,0,1,0.0,richaan01
733,Jonas Røndbjerg,24,VEG,RW,20,1,2,3,2,0,0.1,1,0,0,0,2,0,0,25,4.0,226,11:17,10,7,0,1,0.0,rondbjo01
734,Mason Shaw,25,MIN,C,20,1,2,3,0,34,0.1,1,0,0,0,2,0,0,21,4.8,164,8:11,6,29,7,1,87.5,shawma01
735,Ilya Solovyov,23,CGY,D,10,0,3,3,-3,4,0.2,0,0,0,0,2,0,1,10,0.0,159,15:54,17,14,0,0,,solovil01
736,Mitchell Stephens,26,MTL,C,23,2,1,3,2,4,0.2,2,0,0,0,1,0,0,16,12.5,208,9:03,7,8,75,60,55.6,stephmi01
737,Nikita Alexandrov,23,STL,C,23,0,2,2,-4,4,-0.2,0,0,0,0,2,0,0,15,0.0,196,8:32,7,29,37,54,40.7,alexani01
738,Ronald Attard,24,PHI,D,12,0,2,2,1,6,0.5,0,0,0,0,2,0,0,14,0.0,185,15:23,14,22,0,0,,attarro01
739,Adam Beckman,22,MIN,LW,11,0,2,2,-2,12,0.0,0,0,0,0,2,0,0,10,0.0,103,9:24,3,13,0,0,,beckmad01
740,Matt Benning,29,SJS,D,14,0,2,2,-5,14,0.2,0,0,0,0,2,0,0,13,0.0,259,18:29,29,19,0,0,,bennima01
741,Brandon Biro,25,BUF,F,5,2,0,2,0,0,0.3,2,0,0,0,0,0,0,2,100.0,54,10:51,2,0,11,12,47.8,birobr01
742,Philip Broberg,22,EDM,D,12,0,2,2,-3,0,0.1,0,0,0,0,1,1,0,6,0.0,139,11:37,10,4,0,0,,brobeph01
743,Jake Christiansen,24,CBJ,D,12,0,2,2,-5,2,-0.1,0,0,0,0,2,0,0,7,0.0,159,13:13,15,10,0,0,,chrisja01
744,Maxwell Crozier,23,TBL,D,13,0,2,2,-2,7,0.2,0,0,0,0,2,0,0,13,0.0,168,12:56,11,16,0,0,,crozima01
745,Kirby Dach,23,MTL,C,2,0,2,2,2,0,0.2,0,0,0,0,2,0,0,3,0.0,26,13:01,0,3,3,5,37.5,dachki01
746,Adam Edstrom,23,NYR,C,11,2,0,2,2,2,0.3,2,0,0,0,0,0,0,7,28.6,93,8:25,2,30,0,0,,edstrad01
747,Simon Edvinsson,20,DET,D,16,1,1,2,0,4,0.5,1,0,0,0,1,0,0,13,7.7,292,18:15,25,26,0,0,,edvinsi01
748,Adam Erne,28,EDM,LW,24,1,1,2,0,9,0.0,1,0,0,0,1,0,0,13,7.7,188,7:49,5,68,4,5,44.4,ernead01
749,Collin Graf,21,SJS,F,7,0,2,2,-4,0,-0.1,0,0,0,0,1,1,0,7,0.0,116,16:36,7,5,0,0,,grafco01
750,Benoit-Olivier Groulx,23,ANA,C,45,0,2,2,-9,22,-1.0,0,0,0,0,2,0,0,32,0.0,548,12:11,30,101,121,154,44.0,groulbe01
751,Denis Gurianov,26,TOT,RW,18,1,1,2,4,0,0.1,1,0,0,0,1,0,0,26,3.8,220,12:13,6,14,0,0,,guriade01
752,Daniil Gushchin,21,SJS,LW,4,1,1,2,-2,0,0.1,1,0,0,0,1,0,0,4,25.0,59,14:41,7,2,0,1,0.0,gushcda01
753,Santeri Hatakka,23,NJD,D,12,0,2,2,5,4,0.7,0,0,0,0,2,0,0,12,0.0,176,14:39,12,14,0,0,,hataksa01
754,Matthew Highmore,27,OTT,LW,7,0,2,2,0,0,0.1,0,0,0,0,2,0,0,1,0.0,54,7:43,4,3,2,2,50.0,highmma01
755,Lane Hutson,19,MTL,D,2,0,2,2,-2,0,0.1,0,0,0,0,2,0,0,3,0.0,45,22:43,0,1,0,0,,hutsola01
756,Cole Koepke,25,TBL,LW,9,0,2,2,0,0,0.1,0,0,0,0,2,0,0,9,0.0,60,6:42,1,23,0,0,,koepkco01
757,Milan Lucic,35,BOS,LW,4,0,2,2,-1,2,0.1,0,0,0,0,2,0,0,1,0.0,48,11:58,2,12,0,0,,lucicmi01
758,Jaycob Megna,31,CHI,D,44,0,2,2,-15,22,0.4,0,0,0,0,2,0,0,28,0.0,771,17:31,87,60,0,0,,megnaja02
759,Carson Meyer,26,CBJ,RW,14,1,1,2,-2,2,0.0,1,0,0,0,1,0,0,10,10.0,128,9:07,2,37,0,0,,meyerca01
760,Ian Mitchell,25,BOS,D,13,0,2,2,6,10,0.8,0,0,0,0,2,0,0,11,0.0,199,15:18,13,3,0,0,,mitchia01
761,Jordan Oesterle,31,CGY,D,22,0,2,2,-6,4,0.0,0,0,0,0,2,0,0,18,0.0,297,13:31,33,22,0,0,,oestejo01
762,Liam Ohgren,20,MIN,LW,4,1,1,2,0,0,0.2,1,0,0,1,1,0,0,8,12.5,58,14:31,0,2,0,2,0.0,ohgreli01
763,Nic Petan,28,MIN,C,6,0,2,2,-2,2,0.0,0,0,0,0,1,1,0,11,0.0,65,10:50,1,5,2,3,40.0,petanni01
764,Vasily Podkolzin,22,VAN,RW,19,0,2,2,-4,8,-0.3,0,0,0,0,2,0,0,20,0.0,205,10:49,3,70,3,5,37.5,podkova01
765,Vasiliy Ponomarev,21,CAR,C,2,1,1,2,1,0,0.3,1,0,0,0,1,0,0,1,100.0,19,9:41,1,0,5,4,55.6,ponomva01
766,Mikael Pyyhtia,22,CBJ,LW,17,0,2,2,-5,0,-0.4,0,0,0,0,2,0,0,22,0.0,224,13:09,20,9,1,3,25.0,pyyhtmi01
767,Matt Rempe,21,NYR,C,17,1,1,2,1,71,0.2,1,0,0,1,1,0,0,12,8.3,96,5:38,5,50,4,4,50.0,rempema01
768,Lukáš Rousek,24,BUF,RW,15,0,2,2,-1,0,-0.1,0,0,0,0,2,0,0,4,0.0,159,10:38,7,5,3,0,100.0,rouselu01
769,Jiri Smejkal,27,OTT,F,20,1,1,2,-6,4,-0.2,1,0,0,0,1,0,0,10,10.0,190,9:29,13,32,11,16,40.7,smejkji01
770,Logan Stanley,25,WPG,D,25,1,1,2,4,36,0.8,1,0,0,0,1,0,0,29,3.4,344,13:46,40,45,0,0,,stanllo01
771,Tyler Tucker,23,STL,D,26,1,1,2,1,42,0.7,1,0,0,0,1,0,0,17,5.9,324,12:27,27,64,0,0,,tuckety01
772,Riley Tufte,25,COL,LW,5,1,1,2,-2,2,0.1,1,0,0,1,1,0,0,7,14.3,56,11:07,2,8,1,1,50.0,tufteri01
773,Chris Wagner,32,COL,C,13,1,1,2,3,9,0.2,1,0,0,0,1,0,0,16,6.3,97,7:27,5,30,36,26,58.1,wagnech01
774,Nicklas Bäckström,36,WSH,C,8,0,1,1,-3,2,-0.2,0,0,0,0,1,0,0,12,0.0,116,14:34,5,2,44,40,52.4,backsni02
775,Nick Blankenburg,25,CBJ,D,12,1,0,1,1,4,0.4,1,0,0,0,0,0,0,10,10.0,195,16:13,15,21,0,0,,blankni01
776,Patrick Brown,31,BOS,C,11,0,1,1,-3,2,-0.2,0,0,0,0,1,0,0,7,0.0,97,8:50,3,25,15,18,45.5,brownpa02
777,Nikita Chibrikov,20,WPG,RW,1,1,0,1,0,0,0.2,1,0,0,1,0,0,0,3,33.3,11,11:03,0,5,0,0,,chibrni01
778,Kale Clague,25,BUF,D,3,0,1,1,0,2,0.1,0,0,0,0,1,0,0,2,0.0,37,12:16,0,1,0,0,,claguka01
779,Sam Colangelo,22,ANA,RW,3,1,0,1,0,2,0.1,1,0,0,0,0,0,0,7,14.3,38,12:33,2,3,0,0,,colansa01
780,Max Comtois,25,CAR,LW,1,0,1,1,0,0,0.1,0,0,0,0,1,0,0,1,0.0,13,13:04,0,0,0,0,,comtoma01
781,Lukas Cormier,21,VEG,D,2,0,1,1,1,0,0.2,0,0,0,0,0,1,0,3,0.0,35,17:17,2,1,0,0,,cormilu01
782,Logan Couture,34,SJS,C,6,0,1,1,0,4,0.0,0,0,0,0,1,0,0,7,0.0,113,18:45,8,8,46,50,47.9,coutulo01
783,Austin Czarnik,31,DET,C,34,0,1,1,-3,12,-0.5,0,0,0,0,1,0,0,24,0.0,287,8:26,16,19,100,104,49.0,czarnau01
784,Luca Del Bel Belluz,20,CBJ,C,1,1,0,1,1,0,0.2,1,0,0,0,0,0,0,2,50.0,10,9:35,0,0,4,6,40.0,delbelu01
785,Justin Dowling,33,NJD,C,2,1,0,1,-2,0,0.1,1,0,0,0,0,0,0,3,33.3,21,10:32,1,1,4,9,30.8,dowliju01
786,Samuel Fagemo,23,TOT,LW,8,1,0,1,-1,0,0.0,0,1,0,0,0,0,0,13,7.7,73,9:11,3,5,0,1,0.0,fagemsa01
787,Callan Foote,25,NJD,D,4,0,1,1,3,16,0.4,0,0,0,0,1,0,0,0,,59,14:46,9,3,0,0,,footeca01
788,Nolan Foote,23,NJD,LW,4,1,0,1,-1,0,0.1,1,0,0,0,0,0,0,6,16.7,40,10:06,2,3,0,2,0.0,footeno01
789,Jean-Luc Foudy,21,COL,C,4,1,0,1,1,0,0.2,1,0,0,0,0,0,0,2,50.0,26,6:26,0,0,0,0,,foudyje01
790,Mark Friedman,28,VAN,D,23,0,1,1,4,21,0.6,0,0,0,0,1,0,0,16,0.0,281,12:14,35,33,0,0,,friedma01
791,Byron Froese,32,VEG,C,16,0,1,1,-2,4,-0.3,0,0,0,0,1,0,0,17,0.0,171,10:40,8,22,59,47,55.7,froesby01
792,Cutter Gauthier,20,ANA,LW,1,0,1,1,1,0,0.1,0,0,0,0,1,0,0,3,0.0,15,15:24,0,0,0,1,0.0,gauthcu01
793,Brandon Gignac,26,MTL,C,7,1,0,1,-3,0,0.0,1,0,0,0,0,0,0,7,14.3,82,11:39,7,5,24,29,45.3,gignabr01
794,Adam Ginning,24,PHI,D,9,1,0,1,0,0,0.4,1,0,0,0,0,0,0,6,16.7,127,14:09,9,18,0,0,,ginniad01
795,Jonathan Gruden,23,PIT,C,13,1,0,1,-2,5,-0.1,1,0,0,0,0,0,0,9,11.1,113,8:40,5,35,4,8,33.3,grudejo02
796,Hardy Haman Aktell,25,WSH,D,6,0,1,1,-2,2,0.0,0,0,0,0,1,0,0,5,0.0,64,10:38,5,11,0,0,,hamanha01
797,Daemon Hunt,21,MIN,D,12,0,1,1,-1,0,0.1,0,0,0,0,1,0,0,7,0.0,138,11:30,17,8,0,0,,huntda01
798,Ruslan Iskhakov,23,NYI,C,1,0,1,1,0,0,0.1,0,0,0,0,0,1,0,2,0.0,14,14:11,0,0,0,0,,iskharu01
799,Roby Jarventie,21,OTT,LW,7,0,1,1,-5,4,-0.2,0,0,0,0,1,0,0,5,0.0,53,7:31,6,5,11,24,31.4,jarvero01
800,Jan Jeník,23,ARI,RW,5,0,1,1,-1,5,0.0,0,0,0,0,1,0,0,2,0.0,42,8:23,7,6,14,16,46.7,jenikja01
801,Lucas Johansen,26,WSH,D,6,0,1,1,1,4,0.3,0,0,0,0,1,0,0,4,0.0,86,14:16,7,1,0,0,,johanlu01
802,Miloš Kelemen,24,ARI,F,10,0,1,1,-2,0,-0.1,0,0,0,0,1,0,0,5,0.0,77,7:41,3,20,1,3,25.0,kelemmi01
803,Adam Klapka,23,CGY,F,6,1,0,1,-1,19,0.1,1,0,0,0,0,0,0,4,25.0,41,6:46,3,21,0,1,0.0,klapkad01
804,Tyler Kleven,22,OTT,D,9,0,1,1,-1,2,0.1,0,0,0,0,1,0,0,7,0.0,114,12:39,9,8,0,0,,klevety01
805,Nikolai Knyzhov,25,SJS,D,10,0,1,1,-6,6,-0.1,0,0,0,0,1,0,0,6,0.0,176,17:39,17,13,0,0,,knyzhni01
806,Rasmus Kupari,23,WPG,C,28,0,1,1,-5,4,-0.5,0,0,0,0,1,0,0,28,0.0,256,9:08,10,24,78,89,46.7,kuparra01
807,Maxime Lajoie,26,TOR,D,7,0,1,1,1,0,0.2,0,0,0,0,0,1,0,1,0.0,89,12:43,7,12,0,0,,lajoima01
808,Brad Lambert,20,WPG,C,1,0,1,1,1,0,0.1,0,0,0,0,1,0,0,2,0.0,14,13:51,1,0,3,4,42.9,lambebr01
809,John Leonard,25,ARI,LW,6,1,0,1,-1,0,0.1,1,0,0,0,0,0,0,5,20.0,41,6:52,5,1,0,0,,leonajo01
810,William Lockwood,25,FLA,RW,26,0,1,1,2,16,-0.2,0,0,0,0,1,0,0,19,0.0,213,8:12,8,54,4,4,50.0,lockwwi01
811,Mackenzie MacEachern,29,STL,LW,8,0,1,1,-1,0,0.0,0,0,0,0,1,0,0,4,0.0,63,7:52,2,10,0,0,,maceama01
812,Logan Mailloux,20,MTL,D,1,0,1,1,1,0,0.2,0,0,0,0,1,0,0,2,0.0,21,21:14,1,1,0,0,,mailllo01
813,Dylan McIlrath,31,WSH,D,3,0,1,1,1,5,0.2,0,0,0,0,1,0,0,1,0.0,31,10:18,1,9,0,0,,mcilrdy01
814,Marc McLaughlin,24,BOS,F,1,1,0,1,1,0,0.2,1,0,0,0,0,0,0,2,50.0,13,12:39,1,4,1,3,25.0,mclauma01
815,Waltteri Merela,25,TBL,F,19,1,0,1,2,4,0.0,1,0,0,0,0,0,0,17,5.9,187,9:49,6,32,1,3,25.0,merelwa01
816,Jacob Moverare,25,LAK,D,24,1,0,1,0,6,0.5,1,0,0,0,0,0,0,11,9.1,251,10:27,23,12,0,0,,moverja01
817,Shakir Mukhamadullin,22,SJS,D,3,0,1,1,0,4,0.2,0,0,0,0,0,1,0,5,0.0,63,21:09,11,5,0,0,,mukhash01
818,Frank Nazar,20,CHI,C,3,1,0,1,-4,0,0.0,1,0,0,0,0,0,0,2,50.0,48,16:09,1,0,7,15,31.8,nazarfr01
819,Nikita Nesterenko,22,ANA,C,3,1,0,1,0,0,0.1,1,0,0,0,0,0,0,7,14.3,35,11:31,0,7,0,0,,nesteni02
820,Jason Polin,24,COL,F,7,1,0,1,1,2,0.1,1,0,0,0,0,0,0,6,16.7,52,7:25,1,14,1,1,50.0,polinja01
821,Aku Raty,22,ARI,RW,1,0,1,1,0,0,0.1,0,0,0,0,1,0,0,0,,12,11:45,0,2,0,0,,ratyak01
822,Calle Rosén,29,STL,D,6,0,1,1,-1,2,0.1,0,0,0,0,1,0,0,5,0.0,76,12:40,7,2,0,0,,rosenca01
823,Ryan Shea,26,PIT,D,31,1,0,1,1,6,0.6,1,0,0,0,0,0,0,17,5.9,391,12:37,24,24,0,0,,sheary01
824,John St. Ivany,24,PIT,D,14,0,1,1,0,2,0.2,0,0,0,0,1,0,0,11,0.0,192,13:42,14,30,0,0,,stivajo01
825,Oskar Steen,25,BOS,C,34,1,0,1,-2,4,-0.4,1,0,0,0,0,0,0,24,4.2,308,9:04,19,79,0,3,0.0,steenos01
826,Jack Studnicka,24,TOT,C,22,1,0,1,-12,6,-0.6,1,0,0,0,0,0,0,20,5.0,252,11:27,11,36,61,92,39.9,studnja01
827,Egor Afanasyev,23,NSH,LW,2,0,0,0,-1,0,-0.1,0,0,0,0,0,0,0,5,0.0,26,13:00,2,6,0,0,,afanaeg01
828,Emil Andrae,21,PHI,D,4,0,0,0,-1,0,0.0,0,0,0,0,0,0,0,0,,52,13:00,6,5,0,0,,andraem01
829,Tyler Angle,23,CBJ,C,2,0,0,0,-1,0,-0.1,0,0,0,0,0,0,0,0,,17,8:20,1,5,3,6,33.3,anglety01
830,Zach Aston-Reese,29,DET,C,3,0,0,0,0,2,0.0,0,0,0,0,0,0,0,1,0.0,15,5:09,0,3,0,0,,astonza01
831,Arshdeep Bains,23,VAN,F,8,0,0,0,-5,6,-0.3,0,0,0,0,0,0,0,4,0.0,94,11:48,2,7,0,2,0.0,bainsar01
832,Tobias Björnfot,22,TOT,D,4,0,0,0,-2,2,-0.1,0,0,0,0,0,0,0,1,0.0,55,13:49,7,4,0,0,,bjornto01
833,Jackson Blake,20,CAR,RW,1,0,0,0,-2,0,-0.1,0,0,0,0,0,0,0,2,0.0,15,15:18,0,0,0,0,,blakeja02
834,Anton Blidh,28,NYR,LW,1,0,0,0,-1,2,0.0,0,0,0,0,0,0,0,1,0.0,5,5:21,0,1,0,0,,blidhan01
835,Robert Bortuzzo,34,TOT,D,27,0,0,0,0,27,0.3,0,0,0,0,0,0,0,11,0.0,371,13:44,51,38,0,0,,borturo01
836,Mavrik Bourque,22,DAL,C,1,0,0,0,0,0,0.0,0,0,0,0,0,0,0,2,0.0,11,10:56,0,1,2,4,33.3,bourqma01
837,Shane Bowers,24,NJD,C,8,0,0,0,1,0,-0.1,0,0,0,0,0,0,0,7,0.0,76,9:27,3,3,7,15,31.8,bowersh01
838,Gavin Brindley,19,CBJ,C,1,0,0,0,0,0,0.0,0,0,0,0,0,0,0,0,,12,12:20,0,0,0,0,,brindga01
839,Callahan Burke,26,CAR,C,1,0,0,0,0,0,0.0,0,0,0,0,0,0,0,0,,7,7:06,0,3,0,0,,burkeca01
840,Cameron Butler,21,CBJ,F,1,0,0,0,0,0,0.0,0,0,0,0,0,0,0,0,,1,0:54,0,0,0,0,,butleca01
841,Declan Carlile,23,TBL,D,1,0,0,0,1,0,0.1,0,0,0,0,0,0,0,0,,11,11:27,2,1,0,0,,carlide01
842,Graeme Clarke,22,NJD,RW,3,0,0,0,-2,2,-0.1,0,0,0,0,0,0,0,2,0.0,34,11:23,0,6,0,1,0.0,clarkgr01
843,Dylan Coghlan,25,CAR,D,1,0,0,0,-2,0,-0.1,0,0,0,0,0,0,0,3,0.0,18,17:59,3,1,0,0,,coghldy01
844,Lucas Condotta,26,MTL,F,3,0,0,0,1,0,0.0,0,0,0,0,0,0,0,2,0.0,23,7:30,1,5,5,5,50.0,condolu01
845,Cameron Crotty,24,ARI,D,1,0,0,0,-1,0,-0.1,0,0,0,0,0,0,0,0,,10,10:03,2,4,0,0,,crottca01
846,Zach Dean,21,STL,C,9,0,0,0,-4,6,-0.3,0,0,0,0,0,0,0,10,0.0,95,10:33,5,10,21,21,50.0,deanza01
847,Ethan Del Mastro,21,CHI,D,2,0,0,0,0,0,0.1,0,0,0,0,0,0,0,0,,37,18:35,0,2,0,0,,delmaet01
848,Grigori Denisenko,23,VEG,LW,6,0,0,0,-3,2,-0.2,0,0,0,0,0,0,0,5,0.0,65,10:51,2,14,0,0,,denisgr01
849,Pierrick Dube,23,WSH,F,3,0,0,0,1,2,0.0,0,0,0,0,0,0,0,3,0.0,28,9:20,3,2,0,1,0.0,dubepi01
850,Cale Fleury,25,SEA,D,1,0,0,0,1,0,0.1,0,0,0,0,0,0,0,1,0.0,14,13:30,0,3,0,0,,fleurca01
851,Rhett Gardner,27,PHI,C,1,0,0,0,0,0,0.0,0,0,0,0,0,0,0,0,,7,7:28,1,1,2,0,100.0,gardnrh01
852,Adam Gaudette,27,STL,C,2,0,0,0,0,4,0.0,0,0,0,0,0,0,0,0,,20,9:48,1,4,0,0,,gaudead01
853,Glenn Gawdin,26,ANA,C,1,0,0,0,-1,2,0.0,0,0,0,0,0,0,0,0,,8,7:35,1,4,2,3,40.0,gawdigl01
854,Gage Goncalves,23,TBL,C,2,0,0,0,0,6,0.0,0,0,0,0,0,0,0,0,,20,9:58,0,2,0,1,0.0,goncaga01
855,Max Guenette,22,OTT,D,7,0,0,0,-1,2,0.0,0,0,0,0,0,0,0,6,0.0,97,13:47,6,6,0,0,,guenema01
856,Robert Hägg,28,ANA,D,5,0,0,0,-4,4,-0.2,0,0,0,0,0,0,0,6,0.0,64,12:47,10,21,0,0,,haggro01
857,Brian Halonen,25,NJD,F,2,0,0,0,0,0,0.0,0,0,0,0,0,0,0,2,0.0,17,8:17,0,2,0,1,0.0,halonbr01
858,John Hayden,28,SEA,C,2,0,0,0,-1,0,-0.1,0,0,0,0,0,0,0,1,0.0,13,6:44,1,3,1,1,50.0,haydejo01
859,Emil Heineman,22,MTL,LW,4,0,0,0,2,0,0.0,0,0,0,0,0,0,0,0,,40,9:57,1,7,0,2,0.0,heineem01
860,Akito Hirose,24,VAN,D,3,0,0,0,1,0,0.1,0,0,0,0,0,0,0,0,,36,12:06,5,3,0,0,,hirosak01
861,Grant Hutton,28,NYI,D,2,0,0,0,1,0,0.1,0,0,0,0,0,0,0,0,,18,8:46,1,4,0,0,,huttogr01
862,Bokondji Imama,27,OTT,LW,6,0,0,0,1,7,0.0,0,0,0,0,0,0,0,1,0.0,34,5:35,1,22,0,0,,imamabo01
863,Vincent Iorio,21,WSH,D,6,0,0,0,1,0,0.2,0,0,0,0,0,0,0,6,0.0,59,9:50,3,3,0,0,,ioriovi01
864,Marc Johnstone,27,PIT,F,1,0,0,0,-1,0,0.0,0,0,0,0,0,0,0,0,,7,7:19,0,2,1,0,100.0,johnsma04
865,Linus Karlsson,24,VAN,C,4,0,0,0,0,0,-0.1,0,0,0,0,0,0,0,4,0.0,41,10:09,2,3,2,7,22.2,karlsli01
866,Philip Kemp,24,EDM,D,1,0,0,0,0,0,0.0,0,0,0,0,0,0,0,0,,2,2:03,0,0,0,0,,kempph01
867,Jujhar Khaira,29,MIN,LW,1,0,0,0,0,0,0.0,0,0,0,0,0,0,0,1,0.0,8,8:05,1,1,0,2,0.0,khairju01
868,Justin Kirkland,27,ARI,LW,2,0,0,0,0,0,0.0,0,0,0,0,0,0,0,1,0.0,14,7:14,1,5,8,4,66.7,kirklju01
869,Patrik Koch,27,ARI,D,1,0,0,0,0,10,0.0,0,0,0,0,0,0,0,1,0.0,9,9:20,1,4,0,0,,kochpa01
870,Joona Koppanen,25,PIT,LW,4,0,0,0,0,0,-0.1,0,0,0,0,0,0,0,4,0.0,31,7:49,2,3,2,8,20.0,koppajo01
871,Jiri Kulich,19,BUF,C,1,0,0,0,-1,0,-0.1,0,0,0,0,0,0,0,1,0.0,15,14:53,0,1,0,1,0.0,kulicji01
872,Yan Kuznetsov,21,CGY,D,1,0,0,0,-1,0,-0.1,0,0,0,0,0,0,0,2,0.0,12,11:58,1,0,0,0,,kuzneya01
873,Samuel Laberge,26,NJD,W,2,0,0,0,0,0,0.0,0,0,0,0,0,0,0,0,,6,3:06,0,3,0,0,,labersa01
874,Raphael Lavoie,23,EDM,C,7,0,0,0,-2,2,-0.2,0,0,0,0,0,0,0,4,0.0,51,7:17,1,13,0,2,0.0,lavoira01
875,Jake Leschyshyn,24,NYR,C,1,0,0,0,-1,0,0.0,0,0,0,0,0,0,0,0,,6,6:28,1,0,0,0,,leschja01
876,Kole Lind,25,SEA,RW,1,0,0,0,0,0,0.0,0,0,0,0,0,0,0,0,,6,5:59,0,2,0,1,0.0,lindko01
877,Oskar Lindblom,27,SJS,LW,1,0,0,0,-1,0,-0.1,0,0,0,0,0,0,0,0,,12,11:56,1,1,0,0,,lindbos01
878,Connor Mackey,27,NYR,D,1,0,0,0,1,5,0.1,0,0,0,0,0,0,0,1,0.0,16,16:27,3,1,0,0,,mackeco01
879,Nikolas Matinpalo,25,OTT,D,4,0,0,0,1,0,0.1,0,0,0,0,0,0,0,2,0.0,28,7:00,2,4,0,0,,matinni01
880,Max McCormick,31,SEA,LW,1,0,0,0,0,0,0.0,0,0,0,0,0,0,0,0,,6,5:38,0,0,0,0,,mccorma01
881,Hugh McGing,25,STL,LW,5,0,0,0,-5,0,-0.2,0,0,0,0,0,0,0,4,0.0,42,8:23,3,7,1,6,14.3,mcginhu01
882,Cole McWard,22,VAN,D,1,0,0,0,0,0,0.0,0,0,0,0,0,0,0,1,0.0,9,9:05,0,0,0,0,,mcwarco01
883,Jayson Megna,33,BOS,C,1,0,0,0,0,0,0.0,0,0,0,0,0,0,0,0,,12,11:45,0,0,0,0,,megnaja01
884,Georgii Merkulov,23,BOS,F,4,0,0,0,1,0,0.0,0,0,0,0,0,0,0,3,0.0,42,10:35,4,2,6,22,21.4,merkuge01
885,Victor Mete,25,PHI,D,1,0,0,0,0,0,0.0,0,0,0,0,0,0,0,0,,11,10:52,1,0,0,0,,metevi01
886,Fraser Minten,19,TOR,C,4,0,0,0,0,2,-0.1,0,0,0,0,0,0,0,3,0.0,46,11:26,1,4,18,19,48.6,mintefr01
887,Logan Morrison,21,SEA,F,4,0,0,0,-1,0,-0.1,0,0,0,0,0,0,0,6,0.0,53,13:08,8,2,14,17,45.2,morrilo01
888,Scott Morrow,21,CAR,D,2,0,0,0,-3,0,-0.2,0,0,0,0,0,0,0,6,0.0,37,18:23,2,1,0,0,,morrosc02
889,Brett Murray,25,BUF,LW,2,0,0,0,-1,2,-0.1,0,0,0,0,0,0,0,1,0.0,16,7:58,0,5,1,0,100.0,murrabr02
890,Philippe Myers,27,TBL,D,5,0,0,0,-2,2,-0.1,0,0,0,0,0,0,0,6,0.0,58,11:42,6,8,0,0,,myersph01
891,Bradly Nadeau,18,CAR,LW,1,0,0,0,-3,0,-0.1,0,0,0,0,0,0,0,3,0.0,19,19:08,1,0,0,0,,nadeabr01
892,Riley Nash,34,NYR,C,1,0,0,0,0,0,0.0,0,0,0,0,0,0,0,1,0.0,11,11:05,0,1,2,2,50.0,nashri02
893,Oskar Olausson,21,COL,RW,1,0,0,0,0,0,0.0,0,0,0,0,0,0,0,2,0.0,12,11:50,2,2,0,0,,olausos01
894,Gustav Olofsson,29,SEA,D,1,0,0,0,0,0,0.0,0,0,0,0,0,0,0,0,,15,14:57,3,0,0,0,,olofsgu01
895,Zack Ostapchuk,20,OTT,C,7,0,0,0,-1,0,-0.2,0,0,0,0,0,0,0,5,0.0,73,10:30,6,13,11,30,26.8,ostapza01
896,Brennan Othmann,21,NYR,LW,3,0,0,0,0,0,0.0,0,0,0,0,0,0,0,6,0.0,27,9:05,1,6,0,0,,othmabr01
897,Ondrej Pavel,23,COL,F,2,0,0,0,-1,2,-0.1,0,0,0,0,0,0,0,3,0.0,12,6:06,0,1,3,6,33.3,pavelon02
898,Jacob Peterson,24,SJS,C,6,0,0,0,-3,2,-0.2,0,0,0,0,0,0,0,3,0.0,80,13:15,5,6,15,33,31.3,peterja01
899,Alexander Petrovic,31,DAL,D,1,0,0,0,-1,0,-0.1,0,0,0,0,0,0,0,2,0.0,13,12:52,0,2,0,0,,petroal01
900,Rem Pitlick,26,CHI,C,9,0,0,0,-7,2,-0.4,0,0,0,0,0,0,0,13,0.0,140,15:35,6,9,5,5,50.0,pitlire01
901,Andrew Poturalski,30,SEA,C,2,0,0,0,-1,0,-0.1,0,0,0,0,0,0,0,0,,14,6:53,0,0,3,0,100.0,poturan01
902,Samuel Poulin,22,PIT,RW,3,0,0,0,-1,2,-0.1,0,0,0,0,0,0,0,2,0.0,23,7:47,3,5,5,7,41.7,poulisa01
903,Derrick Pouliot,30,DAL,D,5,0,0,0,-1,0,0.0,0,0,0,0,0,0,0,5,0.0,61,12:08,5,4,0,0,,poulide01
904,Adam Raška,22,MIN,RW,5,0,0,0,0,0,-0.1,0,0,0,0,0,0,0,0,,34,6:49,1,12,0,0,,raskaad01
905,Pavol Regenda,24,ANA,F,5,0,0,0,-1,2,-0.1,0,0,0,0,0,0,0,7,0.0,58,11:34,5,11,1,5,16.7,regenpa01
906,Marshall Rifai,25,TOR,D,2,0,0,0,1,0,0.1,0,0,0,0,0,0,0,1,0.0,23,11:40,1,4,0,0,,rifaima01
907,Filip Roos,25,CHI,D,4,0,0,0,-4,0,-0.2,0,0,0,0,0,0,0,2,0.0,59,14:44,2,8,0,0,,roosfi01
908,Isak Rosen,20,BUF,RW,7,0,0,0,-3,0,-0.2,0,0,0,0,0,0,0,8,0.0,60,8:35,2,0,1,5,16.7,rosenis01
909,Scott Sabourin,31,SJS,F,3,0,0,0,0,9,0.0,0,0,0,0,0,0,0,3,0.0,28,9:17,1,10,0,2,0.0,sabousc01
910,Mackie Samoskevich,21,FLA,RW,7,0,0,0,-3,0,-0.2,0,0,0,0,0,0,0,11,0.0,84,12:02,3,5,0,1,0.0,samosma01
911,Matthew Savoie,20,BUF,C,1,0,0,0,0,0,0.0,0,0,0,0,0,0,0,0,,4,3:55,0,0,0,0,,savoima01
912,Brandon Scanlin,24,NYR,D,1,0,0,0,0,0,0.0,0,0,0,0,0,0,0,0,,11,10:46,0,1,0,0,,scanlbr01
913,Cole Schwindt,22,CGY,RW,4,0,0,0,-1,2,-0.1,0,0,0,0,0,0,0,1,0.0,27,6:48,1,5,6,2,75.0,schwico01
914,Brett Seney,27,CHI,LW,4,0,0,0,0,6,0.0,0,0,0,0,0,0,0,1,0.0,41,10:21,6,9,4,8,33.3,seneybr01
915,Joe Snively,28,WSH,F,3,0,0,0,-1,0,-0.1,0,0,0,0,0,0,0,0,,25,8:21,0,1,0,0,,snivejo01
916,Victor Söderström,22,ARI,D,3,0,0,0,-1,0,0.0,0,0,0,0,0,0,0,1,0.0,46,15:11,6,3,0,0,,sodervi01
917,Justin Sourdif,21,FLA,RW,3,0,0,0,0,0,0.0,0,0,0,0,0,0,0,2,0.0,27,8:50,2,5,0,0,,sourdju01
918,Alex Steeves,24,TOR,F,1,0,0,0,-1,0,-0.1,0,0,0,0,0,0,0,1,0.0,10,10:14,0,6,0,0,,steeval02
919,Marián Studenič,25,SEA,RW,2,0,0,0,-1,2,-0.1,0,0,0,0,0,0,0,1,0.0,16,8:07,0,4,0,0,,studema01
920,Maksymilian Szuber,21,ARI,D,1,0,0,0,-1,2,-0.1,0,0,0,0,0,0,0,1,0.0,17,16:59,1,2,0,0,,szubema01
921,Jack Thompson,21,TOT,D,3,0,0,0,-2,0,-0.1,0,0,0,0,0,0,0,4,0.0,47,15:40,3,4,0,0,,thompja01
922,Samuel Walker,24,MIN,C,4,0,0,0,-3,0,-0.2,0,0,0,0,0,0,0,3,0.0,37,9:22,1,2,0,1,0.0,walkesa01
923,Colin White,27,TOT,C,28,0,0,0,-5,4,-0.6,0,0,0,0,0,0,0,16,0.0,267,9:31,12,22,48,77,38.4,whiteco02
924,Ryan Winterton,20,SEA,C,9,0,0,0,-1,0,-0.1,0,0,0,0,0,0,0,10,0.0,84,9:20,4,10,0,1,0.0,wintery01
